,precursor,pyrolysis T (K),activator_name,activator_ratio,BET (m2/g),T ads (K),P ads (bar),CO2 ads (mmol/g),pore volume (cm3/g),C (%),N (%),H (%),S (%),O (%),ash (%),VM (%),FC (%),H/O (molar),O/C (molar),H/C (molar),(O+N)/C (molar),strat
0,lignin waste,873,KOH/C_2,2.0,1157.0,298,1.0,3.2,0.59,61.68,1.29,5.85,0.0,28.99,2.19,61.1,36.71,3.23,0.35,1.14,0.37,True
1,lignin waste,873,KOH/C_2,2.0,1157.0,298,0.2,1.2,0.59,61.68,1.29,5.85,0.0,28.99,2.19,61.1,36.71,3.23,0.35,1.14,0.37,False
2,lignin waste,873,KOH/C_2,2.0,1157.0,273,1.0,4.4,0.59,61.68,1.29,5.85,0.0,28.99,2.19,61.1,36.71,3.23,0.35,1.14,0.37,True
3,lignin waste,873,KOH/C_2,2.0,1157.0,323,1.0,1.9,0.59,61.68,1.29,5.85,0.0,28.99,2.19,61.1,36.71,3.23,0.35,1.14,0.37,False
4,lignin waste,873,KOH/C_2,2.0,1157.0,348,1.0,1.3,0.59,61.68,1.29,5.85,0.0,28.99,2.19,61.1,36.71,3.23,0.35,1.14,0.37,False
5,lignin waste,873,KOH/C_2,2.0,1157.0,273,0.2,1.9,0.59,61.68,1.29,5.85,0.0,28.99,2.19,61.1,36.71,3.23,0.35,1.14,0.37,False
6,lignin waste,973,KOH/C_2,2.0,1551.0,298,1.0,4.6,0.77,61.68,1.29,5.85,0.0,28.99,2.19,61.1,36.71,3.23,0.35,1.14,0.37,True
7,lignin waste,973,KOH/C_2,2.0,1551.0,298,0.2,1.5,0.77,61.68,1.29,5.85,0.0,28.99,2.19,61.1,36.71,3.23,0.35,1.14,0.37,False
8,lignin waste,973,KOH/C_2,2.0,1551.0,273,1.0,7.4,0.77,61.68,1.29,5.85,0.0,28.99,2.19,61.1,36.71,3.23,0.35,1.14,0.37,True
9,lignin waste,973,KOH/C_2,2.0,1551.0,323,1.0,2.5,0.77,61.68,1.29,5.85,0.0,28.99,2.19,61.1,36.71,3.23,0.35,1.14,0.37,False
10,lignin waste,973,KOH/C_2,2.0,1551.0,348,1.0,1.5,0.77,61.68,1.29,5.85,0.0,28.99,2.19,61.1,36.71,3.23,0.35,1.14,0.37,False
11,lignin waste,973,KOH/C_2,2.0,1551.0,273,0.2,2.8,0.77,61.68,1.29,5.85,0.0,28.99,2.19,61.1,36.71,3.23,0.35,1.14,0.37,True
12,lignin waste,1073,KOH/C_2,2.0,1924.0,298,1.0,4.0,0.95,61.68,1.29,5.85,0.0,28.99,2.19,61.1,36.71,3.23,0.35,1.14,0.37,True
13,lignin waste,1073,KOH/C_2,2.0,1924.0,298,0.2,1.2,0.95,61.68,1.29,5.85,0.0,28.99,2.19,61.1,36.71,3.23,0.35,1.14,0.37,False
14,lignin waste,1073,KOH/C_2,2.0,1924.0,273,1.0,6.5,0.95,61.68,1.29,5.85,0.0,28.99,2.19,61.1,36.71,3.23,0.35,1.14,0.37,True
15,lignin waste,1073,KOH/C_2,2.0,1924.0,323,1.0,2.5,0.95,61.68,1.29,5.85,0.0,28.99,2.19,61.1,36.71,3.23,0.35,1.14,0.37,False
16,lignin waste,1073,KOH/C_2,2.0,1924.0,348,1.0,1.4,0.95,61.68,1.29,5.85,0.0,28.99,2.19,61.1,36.71,3.23,0.35,1.14,0.37,False
17,lignin waste,1073,KOH/C_2,2.0,1924.0,273,0.2,2.1,0.95,61.68,1.29,5.85,0.0,28.99,2.19,61.1,36.71,3.23,0.35,1.14,0.37,False
18,lignin waste,873,KOH/C_4,4.0,1820.0,298,1.0,2.7,0.91,61.68,1.29,5.85,0.0,28.99,2.19,61.1,36.71,3.23,0.35,1.14,0.37,True
19,lignin waste,973,KOH/C_4,4.0,2038.0,298,1.0,3.2,1.0,61.68,1.29,5.85,0.0,28.99,2.19,61.1,36.71,3.23,0.35,1.14,0.37,True
20,lignin waste,1073,KOH/C_4,4.0,3235.0,298,1.0,2.8,1.77,61.68,1.29,5.85,0.0,28.99,2.19,61.1,36.71,3.23,0.35,1.14,0.37,True
21,lignin waste,1173,KOH/C_4,4.0,2750.0,298,1.0,2.4,1.66,61.68,1.29,5.85,0.0,28.99,2.19,61.1,36.71,3.23,0.35,1.14,0.37,False
22,peanut shell,953,KOH-2,2.0,1713.0,273,1.0,7.25,0.73,72.77,0.91,3.06,0.09,12.76,10.4,14.82,74.77,3.84,0.13,0.51,0.14,True
23,peanut shell,953,KOH-2,2.0,1713.0,298,1.0,4.41,0.73,72.77,0.91,3.06,0.09,12.76,10.4,14.82,74.77,3.84,0.13,0.51,0.14,True
24,peanut shell,1003,KOH-2,2.0,1893.0,273,1.0,7.12,0.78,72.77,0.91,3.06,0.09,12.76,10.4,14.82,74.77,3.84,0.13,0.51,0.14,True
25,peanut shell,1003,KOH-2,2.0,1893.0,298,1.0,4.22,0.78,72.77,0.91,3.06,0.09,12.76,10.4,14.82,74.77,3.84,0.13,0.51,0.14,True
26,peanut shell,1053,KOH-2,2.0,1871.0,273,1.0,6.79,0.8,72.77,0.91,3.06,0.09,12.76,10.4,14.82,74.77,3.84,0.13,0.51,0.14,True
27,peanut shell,1053,KOH-2,2.0,1871.0,298,1.0,3.92,0.8,72.77,0.91,3.06,0.09,12.76,10.4,14.82,74.77,3.84,0.13,0.51,0.14,True
28,rice husk,913,KOH-1,1.0,774.0,273,0.1,2.11,0.41,47.8,0.1,5.1,0.0,24.4,22.6,60.7,16.7,3.34,0.38,1.28,0.38,False
29,rice husk,983,KOH-1,1.0,1041.0,273,0.1,1.91,0.53,47.8,0.1,5.1,0.0,24.4,22.6,60.7,16.7,3.34,0.38,1.28,0.38,False
30,rice husk,1053,KOH-1,1.0,1199.0,273,0.1,1.91,0.6,47.8,0.1,5.1,0.0,24.4,22.6,60.7,16.7,3.34,0.38,1.28,0.38,False
31,rice husk,1053,KOH-3,3.0,2695.0,273,0.1,1.25,1.14,47.8,0.1,5.1,0.0,24.4,22.6,60.7,16.7,3.34,0.38,1.28,0.38,False
32,rice husk,913,KOH-1,1.0,774.0,273,0.2,2.85,0.41,47.8,0.1,5.1,0.0,24.4,22.6,60.7,16.7,3.34,0.38,1.28,0.38,True
33,rice husk,983,KOH-1,1.0,1041.0,273,0.2,2.9,0.53,47.8,0.1,5.1,0.0,24.4,22.6,60.7,16.7,3.34,0.38,1.28,0.38,True
34,rice husk,1053,KOH-1,1.0,1199.0,273,0.2,2.81,0.6,47.8,0.1,5.1,0.0,24.4,22.6,60.7,16.7,3.34,0.38,1.28,0.38,True
35,rice husk,1053,KOH-3,3.0,2695.0,273,0.2,2.04,1.14,47.8,0.1,5.1,0.0,24.4,22.6,60.7,16.7,3.34,0.38,1.28,0.38,False
36,rice husk,913,KOH-1,1.0,774.0,273,1.0,4.88,0.41,47.8,0.1,5.1,0.0,24.4,22.6,60.7,16.7,3.34,0.38,1.28,0.38,True
37,rice husk,983,KOH-1,1.0,1041.0,273,1.0,5.63,0.53,47.8,0.1,5.1,0.0,24.4,22.6,60.7,16.7,3.34,0.38,1.28,0.38,True
38,rice husk,1053,KOH-1,1.0,1199.0,273,1.0,6.02,0.6,47.8,0.1,5.1,0.0,24.4,22.6,60.7,16.7,3.34,0.38,1.28,0.38,True
39,rice husk,1053,KOH-3,3.0,2695.0,273,1.0,6.24,1.14,47.8,0.1,5.1,0.0,24.4,22.6,60.7,16.7,3.34,0.38,1.28,0.38,True
40,rice husk,913,KOH-1,1.0,774.0,298,0.1,1.24,0.41,47.8,0.1,5.1,0.0,24.4,22.6,60.7,16.7,3.34,0.38,1.28,0.38,False
41,rice husk,983,KOH-1,1.0,1041.0,298,0.1,1.21,0.53,47.8,0.1,5.1,0.0,24.4,22.6,60.7,16.7,3.34,0.38,1.28,0.38,False
42,rice husk,1053,KOH-1,1.0,1199.0,298,0.1,1.01,0.6,47.8,0.1,5.1,0.0,24.4,22.6,60.7,16.7,3.34,0.38,1.28,0.38,False
43,rice husk,1053,KOH-3,3.0,2695.0,298,0.1,0.69,1.14,47.8,0.1,5.1,0.0,24.4,22.6,60.7,16.7,3.34,0.38,1.28,0.38,False
44,rice husk,913,KOH-1,1.0,774.0,298,0.15,1.51,0.41,47.8,0.1,5.1,0.0,24.4,22.6,60.7,16.7,3.34,0.38,1.28,0.38,False
45,rice husk,983,KOH-1,1.0,1041.0,298,0.15,1.55,0.53,47.8,0.1,5.1,0.0,24.4,22.6,60.7,16.7,3.34,0.38,1.28,0.38,False
46,rice husk,1053,KOH-1,1.0,1199.0,298,0.15,1.28,0.6,47.8,0.1,5.1,0.0,24.4,22.6,60.7,16.7,3.34,0.38,1.28,0.38,False
47,rice husk,1053,KOH-3,3.0,2695.0,298,0.15,0.92,1.14,47.8,0.1,5.1,0.0,24.4,22.6,60.7,16.7,3.34,0.38,1.28,0.38,False
48,rice husk,913,KOH-1,1.0,774.0,298,0.2,1.79,0.41,47.8,0.1,5.1,0.0,24.4,22.6,60.7,16.7,3.34,0.38,1.28,0.38,False
49,rice husk,983,KOH-1,1.0,1041.0,298,0.2,1.83,0.53,47.8,0.1,5.1,0.0,24.4,22.6,60.7,16.7,3.34,0.38,1.28,0.38,False
50,rice husk,1053,KOH-1,1.0,1199.0,298,0.2,1.58,0.6,47.8,0.1,5.1,0.0,24.4,22.6,60.7,16.7,3.34,0.38,1.28,0.38,False
51,rice husk,1053,KOH-3,3.0,2695.0,298,0.2,1.17,1.14,47.8,0.1,5.1,0.0,24.4,22.6,60.7,16.7,3.34,0.38,1.28,0.38,False
52,rice husk,913,KOH-1,1.0,774.0,298,1.0,3.53,0.41,47.8,0.1,5.1,0.0,24.4,22.6,60.7,16.7,3.34,0.38,1.28,0.38,True
53,rice husk,983,KOH-1,1.0,1041.0,298,1.0,4.16,0.53,47.8,0.1,5.1,0.0,24.4,22.6,60.7,16.7,3.34,0.38,1.28,0.38,True
54,rice husk,1053,KOH-1,1.0,1199.0,298,1.0,3.87,1.14,47.8,0.1,5.1,0.0,24.4,22.6,60.7,16.7,3.34,0.38,1.28,0.38,True
55,rice husk,1053,KOH-1,1.0,2695.0,298,1.0,3.71,1.14,47.8,0.1,5.1,0.0,24.4,22.6,60.7,16.7,3.34,0.38,1.28,0.38,True
56,empty fruit bunch,873,KOH-5,5.0,2239.0,273,1.0,0.878,0.88,49.07,0.7,6.48,0.1,38.29,5.36,83.86,10.78,2.71,0.59,1.58,0.6,False
57,empty fruit bunch,1073,KOH-5,5.0,2510.0,273,1.0,5.229,1.05,49.07,0.7,6.48,0.1,38.29,5.36,83.86,10.78,2.71,0.59,1.58,0.6,True
58,empty fruit bunch,873,KOH-5,5.0,2239.0,298,1.0,0.854,0.88,49.07,0.7,6.48,0.1,38.29,5.36,83.86,10.78,2.71,0.59,1.58,0.6,False
59,empty fruit bunch,1073,KOH-5,5.0,2510.0,298,1.0,3.712,1.05,49.07,0.7,6.48,0.1,38.29,5.36,83.86,10.78,2.71,0.59,1.58,0.6,True
60,empty fruit bunch,873,KOH-5,5.0,2239.0,323,1.0,0.3,0.88,49.07,0.7,6.48,0.1,38.29,5.36,83.86,10.78,2.71,0.59,1.58,0.6,False
61,empty fruit bunch,1073,KOH-5,5.0,2510.0,323,1.0,2.343,1.05,49.07,0.7,6.48,0.1,38.29,5.36,83.86,10.78,2.71,0.59,1.58,0.6,False
62,olive stones,1073,CO2,0.0,1215.0,298,1.0,3.1,0.51,51.19,0.2,5.95,0.5,41.37,0.8,85.4,13.8,2.3,0.61,1.4,0.61,True
63,olive stones,1073,CO2,0.0,1215.0,373,1.0,0.8,0.51,51.19,0.2,5.95,0.5,41.37,0.8,85.4,13.8,2.3,0.61,1.4,0.61,False
64,olive stones,1073,CO2,0.0,1215.0,273,0.96,4.7,0.51,51.19,0.2,5.95,0.5,41.37,0.8,85.4,13.8,2.3,0.61,1.4,0.61,True
65,olive stones,1073,CO2,0.0,1215.0,273,0.83,4.4,0.51,51.19,0.2,5.95,0.5,41.37,0.8,85.4,13.8,2.3,0.61,1.4,0.61,True
66,olive stones,1073,CO2,0.0,1215.0,273,0.5,3.45,0.51,51.19,0.2,5.95,0.5,41.37,0.8,85.4,13.8,2.3,0.61,1.4,0.61,True
67,olive stones,1073,CO2,0.0,1215.0,273,0.2,2.2,0.51,51.19,0.2,5.95,0.5,41.37,0.8,85.4,13.8,2.3,0.61,1.4,0.61,False
68,olive stones,1073,CO2,0.0,1215.0,273,0.1,1.35,0.51,51.19,0.2,5.95,0.5,41.37,0.8,85.4,13.8,2.3,0.61,1.4,0.61,False
69,olive stones,1073,CO2,0.0,1215.0,298,0.9,2.9,0.51,51.19,0.2,5.95,0.5,41.37,0.8,85.4,13.8,2.3,0.61,1.4,0.61,True
70,olive stones,1073,CO2,0.0,1215.0,298,0.83,2.7,0.51,51.19,0.2,5.95,0.5,41.37,0.8,85.4,13.8,2.3,0.61,1.4,0.61,True
71,olive stones,1073,CO2,0.0,1215.0,298,0.5,2.2,0.51,51.19,0.2,5.95,0.5,41.37,0.8,85.4,13.8,2.3,0.61,1.4,0.61,False
72,olive stones,1073,CO2,0.0,1215.0,298,0.2,1.25,0.51,51.19,0.2,5.95,0.5,41.37,0.8,85.4,13.8,2.3,0.61,1.4,0.61,False
73,olive stones,1073,CO2,0.0,1215.0,298,0.1,0.75,0.51,51.19,0.2,5.95,0.5,41.37,0.8,85.4,13.8,2.3,0.61,1.4,0.61,False
74,olive stones,1073,CO2,0.0,1215.0,323,0.96,1.8,0.51,51.19,0.2,5.95,0.5,41.37,0.8,85.4,13.8,2.3,0.61,1.4,0.61,False
75,olive stones,1073,CO2,0.0,1215.0,323,0.83,1.6,0.51,51.19,0.2,5.95,0.5,41.37,0.8,85.4,13.8,2.3,0.61,1.4,0.61,False
76,olive stones,1073,CO2,0.0,1215.0,323,0.5,1.35,0.51,51.19,0.2,5.95,0.5,41.37,0.8,85.4,13.8,2.3,0.61,1.4,0.61,False
77,olive stones,1073,CO2,0.0,1215.0,323,0.2,0.65,0.51,51.19,0.2,5.95,0.5,41.37,0.8,85.4,13.8,2.3,0.61,1.4,0.61,False
78,olive stones,1073,CO2,0.0,1215.0,323,0.1,0.4,0.51,51.19,0.2,5.95,0.5,41.37,0.8,85.4,13.8,2.3,0.61,1.4,0.61,False
79,olive stones,1073,CO2,0.0,1079.0,298,1.0,2.43,0.502,51.19,0.2,5.95,0.5,41.37,0.8,85.4,13.8,2.3,0.61,1.4,0.61,False
80,olive stones,1073,CO2,0.0,1079.0,373,1.0,0.72,0.502,51.19,0.2,5.95,0.5,41.37,0.8,85.4,13.8,2.3,0.61,1.4,0.61,False
81,olive stones,1073,CO2,0.0,909.0,303,1.0,2.3,0.437,51.19,0.2,5.95,0.5,41.37,0.8,85.4,13.8,2.3,0.61,1.4,0.61,False
82,olive stones,1073,CO2,0.0,909.0,303,0.4,1.3,0.437,51.19,0.2,5.95,0.5,41.37,0.8,85.4,13.8,2.3,0.61,1.4,0.61,False
83,almond shells,973,CO2,0.0,831.0,303,0.4,1.4,0.375,50.73,0.3,6.02,0.59,41.06,1.3,82.3,16.4,2.35,0.61,1.42,0.61,False
84,almond shells,973,CO2,0.0,831.0,303,1.0,2.3,0.375,50.73,0.3,6.02,0.59,41.06,1.3,82.3,16.4,2.35,0.61,1.42,0.61,False
85,almond shells,1023,CO2,0.0,862.0,298,1.0,2.7,0.36,50.73,0.3,6.02,0.59,41.06,1.3,82.3,16.4,2.35,0.61,1.42,0.61,True
86,almond shells,1023,CO2,0.0,862.0,373,1.0,0.9,0.36,50.73,0.3,6.02,0.59,41.06,1.3,82.3,16.4,2.35,0.61,1.42,0.61,False
87,almond shells,1023,CO2,0.0,862.0,273,0.9,3.4,0.36,50.73,0.3,6.02,0.59,41.06,1.3,82.3,16.4,2.35,0.61,1.42,0.61,True
88,almond shells,1023,CO2,0.0,862.0,273,0.7,3.1,0.36,50.73,0.3,6.02,0.59,41.06,1.3,82.3,16.4,2.35,0.61,1.42,0.61,True
89,almond shells,1023,CO2,0.0,862.0,273,0.5,2.8,0.36,50.73,0.3,6.02,0.59,41.06,1.3,82.3,16.4,2.35,0.61,1.42,0.61,True
90,almond shells,1023,CO2,0.0,862.0,273,0.2,2.0,0.36,50.73,0.3,6.02,0.59,41.06,1.3,82.3,16.4,2.35,0.61,1.42,0.61,False
91,almond shells,1023,CO2,0.0,862.0,273,0.1,1.4,0.36,50.73,0.3,6.02,0.59,41.06,1.3,82.3,16.4,2.35,0.61,1.42,0.61,False
92,almond shells,1023,CO2,0.0,862.0,298,0.9,2.4,0.36,50.73,0.3,6.02,0.59,41.06,1.3,82.3,16.4,2.35,0.61,1.42,0.61,False
93,almond shells,1023,CO2,0.0,862.0,298,0.7,2.1,0.36,50.73,0.3,6.02,0.59,41.06,1.3,82.3,16.4,2.35,0.61,1.42,0.61,False
94,almond shells,1023,CO2,0.0,862.0,298,0.5,1.7,0.36,50.73,0.3,6.02,0.59,41.06,1.3,82.3,16.4,2.35,0.61,1.42,0.61,False
95,almond shells,1023,CO2,0.0,862.0,298,0.2,1.2,0.36,50.73,0.3,6.02,0.59,41.06,1.3,82.3,16.4,2.35,0.61,1.42,0.61,False
96,almond shells,1023,CO2,0.0,862.0,298,0.1,0.9,0.36,50.73,0.3,6.02,0.59,41.06,1.3,82.3,16.4,2.35,0.61,1.42,0.61,False
97,almond shells,1023,CO2,0.0,862.0,323,0.9,1.6,0.36,50.73,0.3,6.02,0.59,41.06,1.3,82.3,16.4,2.35,0.61,1.42,0.61,False
98,almond shells,1023,CO2,0.0,862.0,323,0.7,1.4,0.36,50.73,0.3,6.02,0.59,41.06,1.3,82.3,16.4,2.35,0.61,1.42,0.61,False
99,almond shells,1023,CO2,0.0,862.0,323,0.5,1.2,0.36,50.73,0.3,6.02,0.59,41.06,1.3,82.3,16.4,2.35,0.61,1.42,0.61,False
100,almond shells,1023,CO2,0.0,862.0,323,0.2,0.7,0.36,50.73,0.3,6.02,0.59,41.06,1.3,82.3,16.4,2.35,0.61,1.42,0.61,False
101,almond shells,1023,CO2,0.0,862.0,323,0.1,0.5,0.36,50.73,0.3,6.02,0.59,41.06,1.3,82.3,16.4,2.35,0.61,1.42,0.61,False
102,almond shells,1073,CO2,0.0,822.0,298,1.0,2.14,0.371,50.73,0.3,6.02,0.59,41.06,1.3,82.3,16.4,2.35,0.61,1.42,0.61,False
103,almond shells,1073,CO2,0.0,822.0,373,1.0,0.75,0.371,50.73,0.3,6.02,0.59,41.06,1.3,82.3,16.4,2.35,0.61,1.42,0.61,False
104,almond shells,973,CO2,0.0,1090.0,298,1.0,2.66,0.5,50.73,0.3,6.02,0.59,41.06,1.3,82.3,16.4,2.35,0.61,1.42,0.61,True
105,almond shells,973,CO2,0.0,1090.0,373,1.0,0.93,0.5,50.73,0.3,6.02,0.59,41.06,1.3,82.3,16.4,2.35,0.61,1.42,0.61,False
106,almond shells,973,CO2,0.0,1090.0,298,0.15,1.14,0.5,50.73,0.3,6.02,0.59,41.06,1.3,82.3,16.4,2.35,0.61,1.42,0.61,False
107,bamboo,1246,KOH-1,1.0,930.0,298,0.9,3.7,0.41,51.49,0.4,5.09,0.04,41.96,1.02,81.54,17.44,1.94,0.61,1.19,0.62,True
108,bamboo,1246,KOH-1,1.0,930.0,298,1.0,3.8,0.41,51.49,0.4,5.09,0.04,41.96,1.02,81.54,17.44,1.94,0.61,1.19,0.62,True
109,eucalyptus sawdust,873,KOH-2,2.0,1260.0,273,1.0,6.1,0.62,46.8,0.1,6.1,0.0,46.5,0.5,84.6,14.9,2.1,0.75,1.56,0.75,True
110,eucalyptus sawdust,923,KOH-2,2.0,1380.0,273,1.0,6.0,0.67,46.8,0.1,6.1,0.0,46.5,0.5,84.6,14.9,2.1,0.75,1.56,0.75,True
111,eucalyptus sawdust,973,KOH-2,2.0,1390.0,273,1.0,6.6,0.69,46.8,0.1,6.1,0.0,46.5,0.5,84.6,14.9,2.1,0.75,1.56,0.75,True
112,eucalyptus sawdust,1073,KOH-2,2.0,1940.0,273,1.0,5.8,0.97,46.8,0.1,6.1,0.0,46.5,0.5,84.6,14.9,2.1,0.75,1.56,0.75,True
113,eucalyptus sawdust,873,KOH-4,4.0,2370.0,273,1.0,5.2,1.15,46.8,0.1,6.1,0.0,46.5,0.5,84.6,14.9,2.1,0.75,1.56,0.75,True
114,eucalyptus sawdust,973,KOH-4,4.0,2250.0,273,1.0,5.5,1.03,46.8,0.1,6.1,0.0,46.5,0.5,84.6,14.9,2.1,0.75,1.56,0.75,True
115,eucalyptus sawdust,1073,KOH-4,4.0,2850.0,273,1.0,5.2,1.35,46.8,0.1,6.1,0.0,46.5,0.5,84.6,14.9,2.1,0.75,1.56,0.75,True
116,eucalyptus sawdust,873,KOH-2,2.0,1260.0,298,1.0,4.8,0.62,46.8,0.1,6.1,0.0,46.5,0.5,84.6,14.9,2.1,0.75,1.56,0.75,True
117,eucalyptus sawdust,923,KOH-2,2.0,1380.0,298,1.0,4.7,0.67,46.8,0.1,6.1,0.0,46.5,0.5,84.6,14.9,2.1,0.75,1.56,0.75,True
118,eucalyptus sawdust,973,KOH-2,2.0,1390.0,298,1.0,4.3,0.69,46.8,0.1,6.1,0.0,46.5,0.5,84.6,14.9,2.1,0.75,1.56,0.75,True
119,eucalyptus sawdust,1073,KOH-2,2.0,1940.0,298,1.0,3.9,0.97,46.8,0.1,6.1,0.0,46.5,0.5,84.6,14.9,2.1,0.75,1.56,0.75,True
120,eucalyptus sawdust,873,KOH-4,4.0,2370.0,298,1.0,2.9,1.15,46.8,0.1,6.1,0.0,46.5,0.5,84.6,14.9,2.1,0.75,1.56,0.75,True
121,eucalyptus sawdust,973,KOH-4,4.0,2250.0,298,1.0,2.9,1.03,46.8,0.1,6.1,0.0,46.5,0.5,84.6,14.9,2.1,0.75,1.56,0.75,True
122,eucalyptus sawdust,1073,KOH-4,4.0,2850.0,298,1.0,3.0,1.35,46.8,0.1,6.1,0.0,46.5,0.5,84.6,14.9,2.1,0.75,1.56,0.75,True
123,eucalyptus sawdust,873,KOH-2,2.0,1260.0,323,1.0,3.6,0.62,46.8,0.1,6.1,0.0,46.5,0.5,84.6,14.9,2.1,0.75,1.56,0.75,True
124,eucalyptus sawdust,923,KOH-2,2.0,1380.0,323,1.0,3.3,0.67,46.8,0.1,6.1,0.0,46.5,0.5,84.6,14.9,2.1,0.75,1.56,0.75,True
125,eucalyptus sawdust,973,KOH-2,2.0,1390.0,323,1.0,2.6,0.69,46.8,0.1,6.1,0.0,46.5,0.5,84.6,14.9,2.1,0.75,1.56,0.75,True
126,eucalyptus sawdust,1073,KOH-2,2.0,1940.0,323,1.0,3.1,0.97,46.8,0.1,6.1,0.0,46.5,0.5,84.6,14.9,2.1,0.75,1.56,0.75,True
127,eucalyptus sawdust,973,KOH-4,4.0,2250.0,323,1.0,1.8,1.03,46.8,0.1,6.1,0.0,46.5,0.5,84.6,14.9,2.1,0.75,1.56,0.75,False
128,tobacco stem,873,KOH-2,2.0,2690.0,298,1.0,3.35,1.36,37.62,2.23,4.25,1.15,32.69,22.06,64.42,13.52,2.08,0.65,1.36,0.7,True
129,tobacco stem,973,KOH-2,2.0,3325.0,298,1.0,3.2,1.71,37.62,2.23,4.25,1.15,32.69,22.06,64.42,13.52,2.08,0.65,1.36,0.7,True
130,tobacco stem,1073,KOH-2,2.0,3839.0,298,1.0,2.3,2.3,37.62,2.23,4.25,1.15,32.69,22.06,64.42,13.52,2.08,0.65,1.36,0.7,False
131,tobacco stem,1173,KOH-2,2.0,3391.0,298,1.0,1.5,2.72,37.62,2.23,4.25,1.15,32.69,22.06,64.42,13.52,2.08,0.65,1.36,0.7,False
132,tobacco stem,873,KOH-2,2.0,2690.0,298,0.8,2.7,1.36,37.62,2.23,4.25,1.15,32.69,22.06,64.42,13.52,2.08,0.65,1.36,0.7,True
133,tobacco stem,973,KOH-2,2.0,3325.0,298,0.8,2.5,1.71,37.62,2.23,4.25,1.15,32.69,22.06,64.42,13.52,2.08,0.65,1.36,0.7,False
134,tobacco stem,1073,KOH-2,2.0,3839.0,298,0.8,1.7,2.3,37.62,2.23,4.25,1.15,32.69,22.06,64.42,13.52,2.08,0.65,1.36,0.7,False
135,tobacco stem,1173,KOH-2,2.0,3391.0,298,0.8,1.1,2.72,37.62,2.23,4.25,1.15,32.69,22.06,64.42,13.52,2.08,0.65,1.36,0.7,False
136,tobacco stem,873,KOH-2,2.0,2690.0,298,0.6,2.1,1.36,37.62,2.23,4.25,1.15,32.69,22.06,64.42,13.52,2.08,0.65,1.36,0.7,False
137,tobacco stem,973,KOH-2,2.0,3325.0,298,0.6,1.8,1.71,37.62,2.23,4.25,1.15,32.69,22.06,64.42,13.52,2.08,0.65,1.36,0.7,False
138,tobacco stem,1073,KOH-2,2.0,3839.0,298,0.6,1.1,2.3,37.62,2.23,4.25,1.15,32.69,22.06,64.42,13.52,2.08,0.65,1.36,0.7,False
139,tobacco stem,1173,KOH-2,2.0,3391.0,298,0.6,0.8,2.72,37.62,2.23,4.25,1.15,32.69,22.06,64.42,13.52,2.08,0.65,1.36,0.7,False
140,tobacco stem,873,KOH-2,2.0,2690.0,298,0.4,1.6,1.36,37.62,2.23,4.25,1.15,32.69,22.06,64.42,13.52,2.08,0.65,1.36,0.7,False
141,tobacco stem,973,KOH-2,2.0,3325.0,298,0.4,1.2,1.71,37.62,2.23,4.25,1.15,32.69,22.06,64.42,13.52,2.08,0.65,1.36,0.7,False
142,tobacco stem,1073,KOH-2,2.0,3839.0,298,0.4,0.9,2.3,37.62,2.23,4.25,1.15,32.69,22.06,64.42,13.52,2.08,0.65,1.36,0.7,False
143,tobacco stem,1173,KOH-2,2.0,3391.0,298,0.4,0.6,2.72,37.62,2.23,4.25,1.15,32.69,22.06,64.42,13.52,2.08,0.65,1.36,0.7,False
144,tobacco stem,873,KOH-2,2.0,2690.0,298,0.2,0.9,1.36,37.62,2.23,4.25,1.15,32.69,22.06,64.42,13.52,2.08,0.65,1.36,0.7,False
145,tobacco stem,973,KOH-2,2.0,3325.0,298,0.2,0.7,1.71,37.62,2.23,4.25,1.15,32.69,22.06,64.42,13.52,2.08,0.65,1.36,0.7,False
146,tobacco stem,1073,KOH-2,2.0,3839.0,298,0.2,0.5,2.3,37.62,2.23,4.25,1.15,32.69,22.06,64.42,13.52,2.08,0.65,1.36,0.7,False
147,tobacco stem,1173,KOH-2,2.0,3391.0,298,0.2,0.3,2.72,37.62,2.23,4.25,1.15,32.69,22.06,64.42,13.52,2.08,0.65,1.36,0.7,False
148,vine shoots,1073,CO2,0.0,767.0,273,0.15,1.89,0.374,47.1,0.66,5.29,0.56,45.4,0.99,68.1,30.91,1.86,0.72,1.35,0.73,False
149,vine shoots,1073,CO2,0.0,767.0,273,1.0,4.07,0.374,47.1,0.66,5.29,0.56,45.4,0.99,68.1,30.91,1.86,0.72,1.35,0.73,True
150,vine shoots,873,KOH-1,1.0,704.0,273,0.15,2.16,0.291,47.1,0.66,5.29,0.56,45.4,0.99,68.1,30.91,1.86,0.72,1.35,0.73,False
151,vine shoots,973,KOH-1,1.0,1101.0,273,0.15,2.42,0.541,47.1,0.66,5.29,0.56,45.4,0.99,68.1,30.91,1.86,0.72,1.35,0.73,False
152,vine shoots,873,KOH-2,2.0,1305.0,273,0.15,2.25,0.534,47.1,0.66,5.29,0.56,45.4,0.99,68.1,30.91,1.86,0.72,1.35,0.73,False
153,vine shoots,973,KOH-2,2.0,1671.0,273,0.15,2.25,0.67,47.1,0.66,5.29,0.56,45.4,0.99,68.1,30.91,1.86,0.72,1.35,0.73,False
154,vine shoots,873,KOH-1,1.0,704.0,273,1.0,4.16,0.291,47.1,0.66,5.29,0.56,45.4,0.99,68.1,30.91,1.86,0.72,1.35,0.73,True
155,vine shoots,973,KOH-1,1.0,1101.0,273,1.0,5.36,0.541,47.1,0.66,5.29,0.56,45.4,0.99,68.1,30.91,1.86,0.72,1.35,0.73,True
156,vine shoots,873,KOH-2,2.0,1305.0,273,1.0,6.04,0.534,47.1,0.66,5.29,0.56,45.4,0.99,68.1,30.91,1.86,0.72,1.35,0.73,True
157,vine shoots,973,KOH-2,2.0,1671.0,273,1.0,5.4,0.67,47.1,0.66,5.29,0.56,45.4,0.99,68.1,30.91,1.86,0.72,1.35,0.73,True
158,walnut shells,723,NaNH2-1.5,1.5,589.0,273,1.0,4.17,0.34,53.5,1.5,6.6,0.1,35.5,2.8,59.3,37.9,2.97,0.5,1.48,0.52,True
159,walnut shells,773,NaNH2-1.5,1.5,802.0,273,1.0,3.88,0.47,53.5,1.5,6.6,0.1,35.5,2.8,59.3,37.9,2.97,0.5,1.48,0.52,True
160,walnut shells,723,NaNH2-2.5,2.5,1687.0,273,1.0,5.22,0.94,53.5,1.5,6.6,0.1,35.5,2.8,59.3,37.9,2.97,0.5,1.48,0.52,True
161,walnut shells,773,NaNH2-2.5,2.5,1721.0,273,1.0,3.17,0.92,53.5,1.5,6.6,0.1,35.5,2.8,59.3,37.9,2.97,0.5,1.48,0.52,True
162,walnut shells,723,NaNH2-1.5,1.5,589.0,298,1.0,2.53,0.34,53.5,1.5,6.6,0.1,35.5,2.8,59.3,37.9,2.97,0.5,1.48,0.52,True
163,walnut shells,773,NaNH2-1.5,1.5,802.0,298,1.0,1.96,0.47,53.5,1.5,6.6,0.1,35.5,2.8,59.3,37.9,2.97,0.5,1.48,0.52,False
164,walnut shells,723,NaNH2-2.5,2.5,1687.0,298,1.0,3.06,0.94,53.5,1.5,6.6,0.1,35.5,2.8,59.3,37.9,2.97,0.5,1.48,0.52,True
165,walnut shells,773,NaNH2-2.5,2.5,1721.0,298,1.0,2.15,0.92,53.5,1.5,6.6,0.1,35.5,2.8,59.3,37.9,2.97,0.5,1.48,0.52,False
166,walnut shells,723,NaNH2-1.5,1.5,589.0,273,0.2,1.9,0.34,53.5,1.5,6.6,0.1,35.5,2.8,59.3,37.9,2.97,0.5,1.48,0.52,False
167,walnut shells,723,NaNH2-2.5,2.5,1687.0,273,0.2,1.75,0.94,53.5,1.5,6.6,0.1,35.5,2.8,59.3,37.9,2.97,0.5,1.48,0.52,False
168,walnut shells,723,NaNH2-1.5,1.5,589.0,298,0.2,1.4,0.34,53.5,1.5,6.6,0.1,35.5,2.8,59.3,37.9,2.97,0.5,1.48,0.52,False
169,walnut shells,723,NaNH2-2.5,2.5,1687.0,298,0.2,0.7,0.94,53.5,1.5,6.6,0.1,35.5,2.8,59.3,37.9,2.97,0.5,1.48,0.52,False
170,walnut shells,1273,KCl-ZnCl2-2,2.0,1389.0,273,1.0,8.0,0.68,53.5,1.5,6.6,0.1,35.5,2.8,59.3,37.9,2.97,0.5,1.48,0.52,True
171,walnut shells,1273,KCl-ZnCl2-3,3.0,2025.0,298,1.0,5.5,1.15,53.5,1.5,6.6,0.1,35.5,2.8,59.3,37.9,2.97,0.5,1.48,0.52,True
172,poplar wood sawdust,873,KOH-2,2.0,893.0,273,1.0,3.66,0.38,42.77,0.73,6.12,0.08,48.38,1.92,84.59,13.49,2.02,0.85,1.72,0.86,True
173,poplar wood sawdust,973,KOH-2,2.0,1339.0,273,1.0,2.83,0.68,42.77,0.73,6.12,0.08,48.38,1.92,84.59,13.49,2.02,0.85,1.72,0.86,True
174,poplar wood sawdust,1073,KOH-2,2.0,1587.0,273,1.0,3.45,1.0,42.77,0.73,6.12,0.08,48.38,1.92,84.59,13.49,2.02,0.85,1.72,0.86,True
175,poplar wood sawdust,1073,KOH-1,1.0,2153.0,273,1.0,4.93,1.13,42.77,0.73,6.12,0.08,48.38,1.92,84.59,13.49,2.02,0.85,1.72,0.86,True
176,poplar wood sawdust,873,KOH-2,2.0,893.0,273,0.15,1.24,0.38,42.77,0.73,6.12,0.08,48.38,1.92,84.59,13.49,2.02,0.85,1.72,0.86,False
177,poplar wood sawdust,973,KOH-2,2.0,1339.0,273,0.15,0.86,0.68,42.77,0.73,6.12,0.08,48.38,1.92,84.59,13.49,2.02,0.85,1.72,0.86,False
178,poplar wood sawdust,1073,KOH-2,2.0,1587.0,273,0.15,0.84,1.0,42.77,0.73,6.12,0.08,48.38,1.92,84.59,13.49,2.02,0.85,1.72,0.86,False
179,poplar wood sawdust,1073,KOH-1,1.0,2153.0,273,0.15,1.34,1.13,42.77,0.73,6.12,0.08,48.38,1.92,84.59,13.49,2.02,0.85,1.72,0.86,False
180,poplar wood sawdust,873,KOH-2,2.0,893.0,298,1.0,2.28,0.38,42.77,0.73,6.12,0.08,48.38,1.92,84.59,13.49,2.02,0.85,1.72,0.86,False
181,poplar wood sawdust,973,KOH-2,2.0,1339.0,298,1.0,1.77,0.68,42.77,0.73,6.12,0.08,48.38,1.92,84.59,13.49,2.02,0.85,1.72,0.86,False
182,poplar wood sawdust,1073,KOH-2,2.0,1587.0,298,1.0,2.06,1.0,42.77,0.73,6.12,0.08,48.38,1.92,84.59,13.49,2.02,0.85,1.72,0.86,False
183,poplar wood sawdust,1073,KOH-1,1.0,2153.0,298,1.0,2.86,1.13,42.77,0.73,6.12,0.08,48.38,1.92,84.59,13.49,2.02,0.85,1.72,0.86,True
184,chrysanthemum tea,1273,ZnCl2-1,1.0,1840.0,298,1.0,3.8,1.16,48.0,0.5,5.5,0.06,44.44,1.5,85.5,13.0,1.98,0.69,1.38,0.7,True
185,chrysanthemum tea,1273,ZnCl2-1,1.0,1840.0,298,0.8,3.0,1.16,48.0,0.5,5.5,0.06,44.44,1.5,85.5,13.0,1.98,0.69,1.38,0.7,True
186,chrysanthemum tea,1273,ZnCl2-1,1.0,1840.0,298,0.6,2.3,1.16,48.0,0.5,5.5,0.06,44.44,1.5,85.5,13.0,1.98,0.69,1.38,0.7,False
187,chrysanthemum tea,1273,ZnCl2-1,1.0,1840.0,298,0.4,1.25,1.16,48.0,0.5,5.5,0.06,44.44,1.5,85.5,13.0,1.98,0.69,1.38,0.7,False
188,chrysanthemum tea,1273,ZnCl2-1,1.0,1840.0,298,0.2,0.7,1.16,48.0,0.5,5.5,0.06,44.44,1.5,85.5,13.0,1.98,0.69,1.38,0.7,False
189,cork,773,KOH-3,3.0,1491.0,273,1.0,6.5,0.621,58.55,1.32,7.23,0.0,28.58,4.33,76.8,18.88,4.05,0.37,1.48,0.39,True
190,cork,873,KOH-3,3.0,1885.0,273,1.0,7.14,0.781,58.55,1.32,7.23,0.0,28.58,4.33,76.8,18.88,4.05,0.37,1.48,0.39,True
191,cork,973,KOH-3,3.0,2010.0,273,1.0,7.82,0.82,58.55,1.32,7.23,0.0,28.58,4.33,76.8,18.88,4.05,0.37,1.48,0.39,True
192,cork,1073,KOH-3,3.0,1909.0,273,1.0,6.07,0.915,58.55,1.32,7.23,0.0,28.58,4.33,76.8,18.88,4.05,0.37,1.48,0.39,True
193,cork,973,KOH-1,1.0,984.0,273,1.0,5.28,0.428,58.55,1.32,7.23,0.0,28.58,4.33,76.8,18.88,4.05,0.37,1.48,0.39,True
194,cork,973,KOH-2,2.0,1605.0,273,1.0,6.94,0.656,58.55,1.32,7.23,0.0,28.58,4.33,76.8,18.88,4.05,0.37,1.48,0.39,True
195,cork,973,KOH-4,4.0,1949.0,273,1.0,7.66,0.836,58.55,1.32,7.23,0.0,28.58,4.33,76.8,18.88,4.05,0.37,1.48,0.39,True
196,cork,973,KOH-5,5.0,2380.0,273,1.0,5.8,1.136,58.55,1.32,7.23,0.0,28.58,4.33,76.8,18.88,4.05,0.37,1.48,0.39,True
197,cork,973,KOH-6,6.0,2379.0,273,1.0,5.59,1.29,58.55,1.32,7.23,0.0,28.58,4.33,76.8,18.88,4.05,0.37,1.48,0.39,True
198,cork,773,KOH-3,3.0,1491.0,298,1.0,3.57,0.621,58.55,1.32,7.23,0.0,28.58,4.33,76.8,18.88,4.05,0.37,1.48,0.39,True
199,cork,873,KOH-3,3.0,1885.0,298,1.0,3.84,0.781,58.55,1.32,7.23,0.0,28.58,4.33,76.8,18.88,4.05,0.37,1.48,0.39,True
200,cork,973,KOH-3,3.0,2010.0,298,1.0,4.27,0.82,58.55,1.32,7.23,0.0,28.58,4.33,76.8,18.88,4.05,0.37,1.48,0.39,True
201,cork,1073,KOH-3,3.0,1909.0,298,1.0,3.42,0.915,58.55,1.32,7.23,0.0,28.58,4.33,76.8,18.88,4.05,0.37,1.48,0.39,True
202,cork,973,KOH-1,1.0,984.0,298,1.0,3.46,0.428,58.55,1.32,7.23,0.0,28.58,4.33,76.8,18.88,4.05,0.37,1.48,0.39,True
203,cork,973,KOH-2,2.0,1605.0,298,1.0,3.91,0.656,58.55,1.32,7.23,0.0,28.58,4.33,76.8,18.88,4.05,0.37,1.48,0.39,True
204,cork,973,KOH-4,4.0,1949.0,298,1.0,3.88,0.836,58.55,1.32,7.23,0.0,28.58,4.33,76.8,18.88,4.05,0.37,1.48,0.39,True
205,cork,973,KOH-5,5.0,2380.0,298,1.0,3.04,1.136,58.55,1.32,7.23,0.0,28.58,4.33,76.8,18.88,4.05,0.37,1.48,0.39,True
206,cork,973,KOH-6,6.0,2379.0,298,1.0,2.66,1.29,58.55,1.32,7.23,0.0,28.58,4.33,76.8,18.88,4.05,0.37,1.48,0.39,True
207,cork,973,KOH-3,3.0,2010.0,273,0.8,6.8,0.82,58.55,1.32,7.23,0.0,28.58,4.33,76.8,18.88,4.05,0.37,1.48,0.39,True
208,cork,973,KOH-3,3.0,2010.0,273,0.6,5.8,0.82,58.55,1.32,7.23,0.0,28.58,4.33,76.8,18.88,4.05,0.37,1.48,0.39,True
209,cork,973,KOH-3,3.0,2010.0,273,0.4,4.4,0.82,58.55,1.32,7.23,0.0,28.58,4.33,76.8,18.88,4.05,0.37,1.48,0.39,True
210,cork,973,KOH-3,3.0,2010.0,273,0.2,2.6,0.82,58.55,1.32,7.23,0.0,28.58,4.33,76.8,18.88,4.05,0.37,1.48,0.39,True
211,cork,973,KOH-3,3.0,2010.0,298,0.8,3.5,0.82,58.55,1.32,7.23,0.0,28.58,4.33,76.8,18.88,4.05,0.37,1.48,0.39,True
212,cork,973,KOH-3,3.0,2010.0,298,0.6,2.9,0.82,58.55,1.32,7.23,0.0,28.58,4.33,76.8,18.88,4.05,0.37,1.48,0.39,True
213,cork,973,KOH-3,3.0,2010.0,298,0.4,2.2,0.82,58.55,1.32,7.23,0.0,28.58,4.33,76.8,18.88,4.05,0.37,1.48,0.39,False
214,cork,973,KOH-3,3.0,2010.0,298,0.2,1.2,0.82,58.55,1.32,7.23,0.0,28.58,4.33,76.8,18.88,4.05,0.37,1.48,0.39,False
215,spent coffee grounds,873,K2CO3-1,1.0,750.0,273,0.15,2.48,0.3,54.78,3.32,6.93,0.04,33.63,1.3,82.9,15.8,3.3,0.46,1.52,0.51,False
216,spent coffee grounds,973,K2CO3-1,1.0,1476.0,273,0.15,2.47,0.61,54.78,3.32,6.93,0.04,33.63,1.3,82.9,15.8,3.3,0.46,1.52,0.51,False
217,spent coffee grounds,1073,K2CO3-1,1.0,1692.0,273,0.15,1.74,1.15,54.78,3.32,6.93,0.04,33.63,1.3,82.9,15.8,3.3,0.46,1.52,0.51,False
218,spent coffee grounds,873,K2CO3-1,1.0,750.0,273,1.0,4.88,0.3,54.78,3.32,6.93,0.04,33.63,1.3,82.9,15.8,3.3,0.46,1.52,0.51,True
219,spent coffee grounds,973,K2CO3-1,1.0,1476.0,273,1.0,7.02,0.61,54.78,3.32,6.93,0.04,33.63,1.3,82.9,15.8,3.3,0.46,1.52,0.51,True
220,spent coffee grounds,1073,K2CO3-1,1.0,1692.0,273,1.0,6.38,1.15,54.78,3.32,6.93,0.04,33.63,1.3,82.9,15.8,3.3,0.46,1.52,0.51,True
221,spent coffee grounds,873,K2CO3-1,1.0,750.0,298,0.15,1.46,0.3,54.78,3.32,6.93,0.04,33.63,1.3,82.9,15.8,3.3,0.46,1.52,0.51,False
222,spent coffee grounds,973,K2CO3-1,1.0,1476.0,298,0.15,1.3,0.61,54.78,3.32,6.93,0.04,33.63,1.3,82.9,15.8,3.3,0.46,1.52,0.51,False
223,spent coffee grounds,1073,K2CO3-1,1.0,1692.0,298,0.15,0.92,1.15,54.78,3.32,6.93,0.04,33.63,1.3,82.9,15.8,3.3,0.46,1.52,0.51,False
224,spent coffee grounds,873,K2CO3-1,1.0,750.0,298,1.0,3.65,0.3,54.78,3.32,6.93,0.04,33.63,1.3,82.9,15.8,3.3,0.46,1.52,0.51,True
225,spent coffee grounds,973,K2CO3-1,1.0,1476.0,298,1.0,4.54,0.61,54.78,3.32,6.93,0.04,33.63,1.3,82.9,15.8,3.3,0.46,1.52,0.51,True
226,spent coffee grounds,1073,K2CO3-1,1.0,1692.0,298,1.0,3.78,1.15,54.78,3.32,6.93,0.04,33.63,1.3,82.9,15.8,3.3,0.46,1.52,0.51,True
227,spent coffee grounds,873,K2CO3-1,1.0,750.0,323,0.15,0.78,0.3,54.78,3.32,6.93,0.04,33.63,1.3,82.9,15.8,3.3,0.46,1.52,0.51,False
228,spent coffee grounds,973,K2CO3-1,1.0,1476.0,323,0.15,0.67,0.61,54.78,3.32,6.93,0.04,33.63,1.3,82.9,15.8,3.3,0.46,1.52,0.51,False
229,spent coffee grounds,1073,K2CO3-1,1.0,1692.0,323,0.15,0.47,1.15,54.78,3.32,6.93,0.04,33.63,1.3,82.9,15.8,3.3,0.46,1.52,0.51,False
230,spent coffee grounds,873,K2CO3-1,1.0,750.0,323,1.0,2.34,0.3,54.78,3.32,6.93,0.04,33.63,1.3,82.9,15.8,3.3,0.46,1.52,0.51,False
231,spent coffee grounds,973,K2CO3-1,1.0,1476.0,323,1.0,2.68,0.61,54.78,3.32,6.93,0.04,33.63,1.3,82.9,15.8,3.3,0.46,1.52,0.51,True
232,spent coffee grounds,1073,K2CO3-1,1.0,1692.0,323,1.0,2.1,1.15,54.78,3.32,6.93,0.04,33.63,1.3,82.9,15.8,3.3,0.46,1.52,0.51,False
233,garlic peel,873,KOH-2,2.0,947.0,273,1.0,6.25,0.51,37.01,1.04,4.22,0.81,46.58,10.34,68.54,21.12,1.45,0.94,1.37,0.97,True
234,garlic peel,973,KOH-2,2.0,1179.0,273,1.0,5.96,0.63,37.01,1.04,4.22,0.81,46.58,10.34,68.54,21.12,1.45,0.94,1.37,0.97,True
235,garlic peel,1073,KOH-2,2.0,1262.0,273,1.0,4.33,0.7,37.01,1.04,4.22,0.81,46.58,10.34,68.54,21.12,1.45,0.94,1.37,0.97,True
236,garlic peel,873,KOH-4,4.0,1116.0,273,1.0,4.6,0.63,37.01,1.04,4.22,0.81,46.58,10.34,68.54,21.12,1.45,0.94,1.37,0.97,True
237,garlic peel,873,KOH-2,2.0,947.0,298,1.0,4.22,0.51,37.01,1.04,4.22,0.81,46.58,10.34,68.54,21.12,1.45,0.94,1.37,0.97,True
238,garlic peel,973,KOH-2,2.0,1179.0,298,1.0,3.99,0.63,37.01,1.04,4.22,0.81,46.58,10.34,68.54,21.12,1.45,0.94,1.37,0.97,True
239,garlic peel,1073,KOH-2,2.0,1262.0,298,1.0,2.82,0.7,37.01,1.04,4.22,0.81,46.58,10.34,68.54,21.12,1.45,0.94,1.37,0.97,True
240,garlic peel,873,KOH-4,4.0,1116.0,298,1.0,2.84,0.63,37.01,1.04,4.22,0.81,46.58,10.34,68.54,21.12,1.45,0.94,1.37,0.97,True
241,garlic peel,873,KOH-2,2.0,947.0,273,0.2,2.7,0.51,37.01,1.04,4.22,0.81,46.58,10.34,68.54,21.12,1.45,0.94,1.37,0.97,True
242,garlic peel,973,KOH-2,2.0,1179.0,273,0.2,2.2,0.63,37.01,1.04,4.22,0.81,46.58,10.34,68.54,21.12,1.45,0.94,1.37,0.97,False
243,garlic peel,1073,KOH-2,2.0,1262.0,273,0.2,1.5,0.7,37.01,1.04,4.22,0.81,46.58,10.34,68.54,21.12,1.45,0.94,1.37,0.97,False
244,garlic peel,873,KOH-4,4.0,1116.0,273,0.2,1.6,0.63,37.01,1.04,4.22,0.81,46.58,10.34,68.54,21.12,1.45,0.94,1.37,0.97,False
245,garlic peel,873,KOH-2,2.0,947.0,298,0.2,1.7,0.51,37.01,1.04,4.22,0.81,46.58,10.34,68.54,21.12,1.45,0.94,1.37,0.97,False
246,garlic peel,973,KOH-2,2.0,1179.0,298,0.2,1.4,0.63,37.01,1.04,4.22,0.81,46.58,10.34,68.54,21.12,1.45,0.94,1.37,0.97,False
247,garlic peel,1073,KOH-2,2.0,1262.0,298,0.2,0.9,0.7,37.01,1.04,4.22,0.81,46.58,10.34,68.54,21.12,1.45,0.94,1.37,0.97,False
248,garlic peel,873,KOH-4,4.0,1116.0,298,0.2,1.0,0.63,37.01,1.04,4.22,0.81,46.58,10.34,68.54,21.12,1.45,0.94,1.37,0.97,False
249,pineapple,773,K2C2O4-2,2.0,422.8,273,1.0,2.71,0.82,47.39,1.08,6.13,0.0,40.31,5.09,73.97,20.94,2.43,0.64,1.55,0.66,True
250,pineapple,873,Li2C2O4-2,2.0,302.7,273,1.0,2.09,0.49,47.39,1.08,6.13,0.0,40.31,5.09,73.97,20.94,2.43,0.64,1.55,0.66,False
251,pineapple,873,K2C2O4-2,2.0,644.9,273,1.0,3.82,0.91,47.39,1.08,6.13,0.0,40.31,5.09,73.97,20.94,2.43,0.64,1.55,0.66,True
252,pineapple,973,Na2C2O4-2,2.0,397.3,273,1.0,2.2,0.26,47.39,1.08,6.13,0.0,40.31,5.09,73.97,20.94,2.43,0.64,1.55,0.66,False
253,pineapple,973,K2C2O4-2,2.0,1076.3,273,1.0,5.32,0.92,47.39,1.08,6.13,0.0,40.31,5.09,73.97,20.94,2.43,0.64,1.55,0.66,True
254,pineapple,773,K2C2O4-2,2.0,422.8,293,1.0,2.22,0.82,47.39,1.08,6.13,0.0,40.31,5.09,73.97,20.94,2.43,0.64,1.55,0.66,False
255,pineapple,873,Li2C2O4-2,2.0,302.7,293,1.0,1.59,0.49,47.39,1.08,6.13,0.0,40.31,5.09,73.97,20.94,2.43,0.64,1.55,0.66,False
256,pineapple,873,K2C2O4-2,2.0,644.9,293,1.0,3.16,0.91,47.39,1.08,6.13,0.0,40.31,5.09,73.97,20.94,2.43,0.64,1.55,0.66,True
257,pineapple,973,Na2C2O4-2,2.0,397.3,293,1.0,1.59,0.26,47.39,1.08,6.13,0.0,40.31,5.09,73.97,20.94,2.43,0.64,1.55,0.66,False
258,pineapple,973,K2C2O4-2,2.0,1076.3,293,1.0,4.25,0.92,47.39,1.08,6.13,0.0,40.31,5.09,73.97,20.94,2.43,0.64,1.55,0.66,True
259,pineapple,773,K2C2O4-2,2.0,422.8,273,0.2,1.6,0.82,47.39,1.08,6.13,0.0,40.31,5.09,73.97,20.94,2.43,0.64,1.55,0.66,False
260,pineapple,873,Li2C2O4-2,2.0,302.7,273,0.2,1.2,0.49,47.39,1.08,6.13,0.0,40.31,5.09,73.97,20.94,2.43,0.64,1.55,0.66,False
261,pineapple,873,K2C2O4-2,2.0,644.9,273,0.2,1.8,0.91,47.39,1.08,6.13,0.0,40.31,5.09,73.97,20.94,2.43,0.64,1.55,0.66,False
262,pineapple,973,Na2C2O4-2,2.0,397.3,273,0.2,1.1,0.26,47.39,1.08,6.13,0.0,40.31,5.09,73.97,20.94,2.43,0.64,1.55,0.66,False
263,pineapple,973,K2C2O4-2,2.0,1076.3,273,0.2,2.6,0.92,47.39,1.08,6.13,0.0,40.31,5.09,73.97,20.94,2.43,0.64,1.55,0.66,True
264,pineapple,773,K2C2O4-2,2.0,422.8,293,0.2,1.1,0.82,47.39,1.08,6.13,0.0,40.31,5.09,73.97,20.94,2.43,0.64,1.55,0.66,False
265,pineapple,873,Li2C2O4-2,2.0,302.7,293,0.2,0.8,0.49,47.39,1.08,6.13,0.0,40.31,5.09,73.97,20.94,2.43,0.64,1.55,0.66,False
266,pineapple,873,K2C2O4-2,2.0,644.9,293,0.2,1.4,0.91,47.39,1.08,6.13,0.0,40.31,5.09,73.97,20.94,2.43,0.64,1.55,0.66,False
267,pineapple,973,Na2C2O4-2,2.0,397.3,293,0.2,0.7,0.26,47.39,1.08,6.13,0.0,40.31,5.09,73.97,20.94,2.43,0.64,1.55,0.66,False
268,pineapple,973,K2C2O4-2,2.0,1076.3,293,0.2,1.5,0.92,47.39,1.08,6.13,0.0,40.31,5.09,73.97,20.94,2.43,0.64,1.55,0.66,False
269,pineapple,773,K2C2O4-2,2.0,422.8,273,0.6,1.6,0.82,47.39,1.08,6.13,0.0,40.31,5.09,73.97,20.94,2.43,0.64,1.55,0.66,False
270,pineapple,873,Li2C2O4-2,2.0,302.7,273,0.6,1.1,0.49,47.39,1.08,6.13,0.0,40.31,5.09,73.97,20.94,2.43,0.64,1.55,0.66,False
271,pineapple,873,K2C2O4-2,2.0,644.9,273,0.6,1.8,0.91,47.39,1.08,6.13,0.0,40.31,5.09,73.97,20.94,2.43,0.64,1.55,0.66,False
272,pineapple,973,Na2C2O4-2,2.0,397.3,273,0.6,1.1,0.26,47.39,1.08,6.13,0.0,40.31,5.09,73.97,20.94,2.43,0.64,1.55,0.66,False
273,pineapple,973,K2C2O4-2,2.0,1076.3,273,0.6,2.6,0.92,47.39,1.08,6.13,0.0,40.31,5.09,73.97,20.94,2.43,0.64,1.55,0.66,True
274,pineapple,773,K2C2O4-2,2.0,422.8,293,0.6,1.0,0.82,47.39,1.08,6.13,0.0,40.31,5.09,73.97,20.94,2.43,0.64,1.55,0.66,False
275,pineapple,873,Li2C2O4-2,2.0,302.7,293,0.6,0.8,0.49,47.39,1.08,6.13,0.0,40.31,5.09,73.97,20.94,2.43,0.64,1.55,0.66,False
276,pineapple,873,K2C2O4-2,2.0,644.9,293,0.6,1.4,0.91,47.39,1.08,6.13,0.0,40.31,5.09,73.97,20.94,2.43,0.64,1.55,0.66,False
277,pineapple,973,Na2C2O4-2,2.0,397.3,293,0.6,0.7,0.26,47.39,1.08,6.13,0.0,40.31,5.09,73.97,20.94,2.43,0.64,1.55,0.66,False
278,pineapple,973,K2C2O4-2,2.0,1076.3,293,0.6,1.5,0.92,47.39,1.08,6.13,0.0,40.31,5.09,73.97,20.94,2.43,0.64,1.55,0.66,False
279,coconut shell,873,KOH-1,1.0,718.0,273,1.0,4.63,0.28,45.28,0.2,4.05,0.0,50.04,0.43,80.84,18.73,1.29,0.83,1.07,0.83,True
280,coconut shell,873,KOH-2,2.0,1082.0,273,1.0,5.82,0.42,45.28,0.2,4.05,0.0,50.04,0.43,80.84,18.73,1.29,0.83,1.07,0.83,True
281,coconut shell,873,KOH-3,3.0,1172.0,273,1.0,6.04,0.44,45.28,0.2,4.05,0.0,50.04,0.43,80.84,18.73,1.29,0.83,1.07,0.83,True
282,coconut shell,923,KOH-1,1.0,885.0,273,1.0,5.01,0.35,45.28,0.2,4.05,0.0,50.04,0.43,80.84,18.73,1.29,0.83,1.07,0.83,True
283,coconut shell,923,KOH-2,2.0,1211.0,273,1.0,6.2,0.46,45.28,0.2,4.05,0.0,50.04,0.43,80.84,18.73,1.29,0.83,1.07,0.83,True
284,coconut shell,923,KOH-3,3.0,1513.0,273,1.0,4.95,0.58,45.28,0.2,4.05,0.0,50.04,0.43,80.84,18.73,1.29,0.83,1.07,0.83,True
285,coconut shell,973,KOH-1,1.0,878.0,273,1.0,4.98,0.33,45.28,0.2,4.05,0.0,50.04,0.43,80.84,18.73,1.29,0.83,1.07,0.83,True
286,coconut shell,973,KOH-2,2.0,1233.0,273,1.0,5.14,0.46,45.28,0.2,4.05,0.0,50.04,0.43,80.84,18.73,1.29,0.83,1.07,0.83,True
287,coconut shell,973,KOH-3,3.0,1817.0,273,1.0,5.89,0.69,45.28,0.2,4.05,0.0,50.04,0.43,80.84,18.73,1.29,0.83,1.07,0.83,True
288,coconut shell,873,KOH-1,1.0,718.0,293,1.0,3.56,0.28,45.28,0.2,4.05,0.0,50.04,0.43,80.84,18.73,1.29,0.83,1.07,0.83,True
289,coconut shell,873,KOH-2,2.0,1082.0,293,1.0,3.99,0.42,45.28,0.2,4.05,0.0,50.04,0.43,80.84,18.73,1.29,0.83,1.07,0.83,True
290,coconut shell,873,KOH-3,3.0,1172.0,293,1.0,4.23,0.44,45.28,0.2,4.05,0.0,50.04,0.43,80.84,18.73,1.29,0.83,1.07,0.83,True
291,coconut shell,923,KOH-1,1.0,885.0,293,1.0,3.83,0.35,45.28,0.2,4.05,0.0,50.04,0.43,80.84,18.73,1.29,0.83,1.07,0.83,True
292,coconut shell,923,KOH-2,2.0,1211.0,293,1.0,4.13,0.46,45.28,0.2,4.05,0.0,50.04,0.43,80.84,18.73,1.29,0.83,1.07,0.83,True
293,coconut shell,923,KOH-3,3.0,1513.0,293,1.0,3.69,0.58,45.28,0.2,4.05,0.0,50.04,0.43,80.84,18.73,1.29,0.83,1.07,0.83,True
294,coconut shell,973,KOH-1,1.0,878.0,293,1.0,3.83,0.33,45.28,0.2,4.05,0.0,50.04,0.43,80.84,18.73,1.29,0.83,1.07,0.83,True
295,coconut shell,973,KOH-2,2.0,1233.0,293,1.0,3.71,0.46,45.28,0.2,4.05,0.0,50.04,0.43,80.84,18.73,1.29,0.83,1.07,0.83,True
296,coconut shell,973,KOH-3,3.0,1817.0,293,1.0,3.97,0.69,45.28,0.2,4.05,0.0,50.04,0.43,80.84,18.73,1.29,0.83,1.07,0.83,True
297,paulownia sawdust,873,KOH-4,4.0,782.0,273,1.0,7.45,0.414,45.33,0.4,6.22,0.0,46.96,1.09,79.32,19.6,2.12,0.78,1.65,0.78,True
298,paulownia sawdust,973,KOH-4,4.0,1643.0,273,1.0,8.0,0.857,45.33,0.4,6.22,0.0,46.96,1.09,79.32,19.6,2.12,0.78,1.65,0.78,True
299,paulownia sawdust,1073,KOH-4,4.0,1555.0,273,1.0,7.14,0.905,45.33,0.4,6.22,0.0,46.96,1.09,79.32,19.6,2.12,0.78,1.65,0.78,True
300,paulownia sawdust,1173,KOH-4,4.0,1293.0,273,1.0,4.24,0.687,45.33,0.4,6.22,0.0,46.96,1.09,79.32,19.6,2.12,0.78,1.65,0.78,True
301,paulownia sawdust,973,KOH-2,2.0,831.0,273,1.0,6.83,0.449,45.33,0.4,6.22,0.0,46.96,1.09,79.32,19.6,2.12,0.78,1.65,0.78,True
302,paulownia sawdust,973,KOH-6,6.0,2435.0,273,1.0,4.73,1.181,45.33,0.4,6.22,0.0,46.96,1.09,79.32,19.6,2.12,0.78,1.65,0.78,True
303,paulownia sawdust,973,KOH-4,4.0,1643.0,273,0.15,1.1,0.857,45.33,0.4,6.22,0.0,46.96,1.09,79.32,19.6,2.12,0.78,1.65,0.78,False
304,paulownia sawdust,973,KOH-4,4.0,1643.0,273,0.4,4.6,0.857,45.33,0.4,6.22,0.0,46.96,1.09,79.32,19.6,2.12,0.78,1.65,0.78,True
305,paulownia sawdust,973,KOH-4,4.0,1643.0,273,0.6,6.1,0.857,45.33,0.4,6.22,0.0,46.96,1.09,79.32,19.6,2.12,0.78,1.65,0.78,True
306,paulownia sawdust,973,KOH-4,4.0,1643.0,273,0.8,7.0,0.857,45.33,0.4,6.22,0.0,46.96,1.09,79.32,19.6,2.12,0.78,1.65,0.78,True
307,paulownia sawdust,973,KOH-4,4.0,1643.0,273,0.9,7.5,0.857,45.33,0.4,6.22,0.0,46.96,1.09,79.32,19.6,2.12,0.78,1.65,0.78,True
308,paulownia sawdust,973,KOH-4,4.0,1643.0,298,0.15,0.4,0.857,45.33,0.4,6.22,0.0,46.96,1.09,79.32,19.6,2.12,0.78,1.65,0.78,False
309,paulownia sawdust,973,KOH-4,4.0,1643.0,298,0.4,2.2,0.857,45.33,0.4,6.22,0.0,46.96,1.09,79.32,19.6,2.12,0.78,1.65,0.78,False
310,paulownia sawdust,973,KOH-4,4.0,1643.0,298,0.6,3.0,0.857,45.33,0.4,6.22,0.0,46.96,1.09,79.32,19.6,2.12,0.78,1.65,0.78,True
311,paulownia sawdust,973,KOH-4,4.0,1643.0,298,0.8,4.0,0.857,45.33,0.4,6.22,0.0,46.96,1.09,79.32,19.6,2.12,0.78,1.65,0.78,True
312,paulownia sawdust,973,KOH-4,4.0,1643.0,298,0.9,4.3,0.857,45.33,0.4,6.22,0.0,46.96,1.09,79.32,19.6,2.12,0.78,1.65,0.78,True
313,paulownia sawdust,973,KOH-4,4.0,1643.0,298,1.0,4.5,0.857,45.33,0.4,6.22,0.0,46.96,1.09,79.32,19.6,2.12,0.78,1.65,0.78,True
314,walnut shells,773,CO2,0.0,810.85,293,0.15,0.14,0.34,53.5,1.5,6.6,0.1,35.5,2.8,59.3,37.9,2.97,0.5,1.48,0.52,False
315,walnut shells,773,CO2,0.0,810.85,293,0.4,0.41,0.34,53.5,1.5,6.6,0.1,35.5,2.8,59.3,37.9,2.97,0.5,1.48,0.52,False
316,walnut shells,773,CO2,0.0,810.85,293,0.5,0.58,0.34,53.5,1.5,6.6,0.1,35.5,2.8,59.3,37.9,2.97,0.5,1.48,0.52,False
317,walnut shells,773,CO2,0.0,810.85,293,0.65,0.62,0.34,53.5,1.5,6.6,0.1,35.5,2.8,59.3,37.9,2.97,0.5,1.48,0.52,False
318,walnut shells,773,CO2,0.0,810.85,293,0.8,0.84,0.34,53.5,1.5,6.6,0.1,35.5,2.8,59.3,37.9,2.97,0.5,1.48,0.52,False
319,walnut shells,773,CO2,0.0,810.85,293,1.0,1.2,0.34,53.5,1.5,6.6,0.1,35.5,2.8,59.3,37.9,2.97,0.5,1.48,0.52,False
320,walnut shells,773,CO2,0.0,810.85,293,1.2,1.38,0.34,53.5,1.5,6.6,0.1,35.5,2.8,59.3,37.9,2.97,0.5,1.48,0.52,False
321,walnut shells,773,CO2,0.0,810.85,293,1.3,1.47,0.34,53.5,1.5,6.6,0.1,35.5,2.8,59.3,37.9,2.97,0.5,1.48,0.52,False
322,walnut shells,773,CO2,0.0,810.85,303,0.15,0.12,0.34,53.5,1.5,6.6,0.1,35.5,2.8,59.3,37.9,2.97,0.5,1.48,0.52,False
323,walnut shells,773,CO2,0.0,810.85,303,0.4,0.37,0.34,53.5,1.5,6.6,0.1,35.5,2.8,59.3,37.9,2.97,0.5,1.48,0.52,False
324,walnut shells,773,CO2,0.0,810.85,303,0.5,0.43,0.34,53.5,1.5,6.6,0.1,35.5,2.8,59.3,37.9,2.97,0.5,1.48,0.52,False
325,walnut shells,773,CO2,0.0,810.85,303,0.65,0.59,0.34,53.5,1.5,6.6,0.1,35.5,2.8,59.3,37.9,2.97,0.5,1.48,0.52,False
326,walnut shells,773,CO2,0.0,810.85,303,0.8,0.77,0.34,53.5,1.5,6.6,0.1,35.5,2.8,59.3,37.9,2.97,0.5,1.48,0.52,False
327,walnut shells,773,CO2,0.0,810.85,303,1.0,1.0,0.34,53.5,1.5,6.6,0.1,35.5,2.8,59.3,37.9,2.97,0.5,1.48,0.52,False
328,walnut shells,773,CO2,0.0,810.85,303,1.2,1.19,0.34,53.5,1.5,6.6,0.1,35.5,2.8,59.3,37.9,2.97,0.5,1.48,0.52,False
329,walnut shells,773,CO2,0.0,810.85,303,1.3,1.22,0.34,53.5,1.5,6.6,0.1,35.5,2.8,59.3,37.9,2.97,0.5,1.48,0.52,False
330,walnut shells,773,CO2,0.0,810.85,313,0.15,0.09,0.34,53.5,1.5,6.6,0.1,35.5,2.8,59.3,37.9,2.97,0.5,1.48,0.52,False
331,walnut shells,773,CO2,0.0,810.85,313,0.4,0.27,0.34,53.5,1.5,6.6,0.1,35.5,2.8,59.3,37.9,2.97,0.5,1.48,0.52,False
332,walnut shells,773,CO2,0.0,810.85,313,0.5,0.37,0.34,53.5,1.5,6.6,0.1,35.5,2.8,59.3,37.9,2.97,0.5,1.48,0.52,False
333,walnut shells,773,CO2,0.0,810.85,313,0.65,0.46,0.34,53.5,1.5,6.6,0.1,35.5,2.8,59.3,37.9,2.97,0.5,1.48,0.52,False
334,walnut shells,773,CO2,0.0,810.85,313,0.8,0.56,0.34,53.5,1.5,6.6,0.1,35.5,2.8,59.3,37.9,2.97,0.5,1.48,0.52,False
335,walnut shells,773,CO2,0.0,810.85,313,1.0,0.77,0.34,53.5,1.5,6.6,0.1,35.5,2.8,59.3,37.9,2.97,0.5,1.48,0.52,False
336,walnut shells,773,CO2,0.0,810.85,313,1.2,0.75,0.34,53.5,1.5,6.6,0.1,35.5,2.8,59.3,37.9,2.97,0.5,1.48,0.52,False
337,walnut shells,773,CO2,0.0,810.85,313,1.3,0.95,0.34,53.5,1.5,6.6,0.1,35.5,2.8,59.3,37.9,2.97,0.5,1.48,0.52,False
338,walnut shells,773,CO2,0.0,810.85,323,0.15,0.07,0.34,53.5,1.5,6.6,0.1,35.5,2.8,59.3,37.9,2.97,0.5,1.48,0.52,False
339,walnut shells,773,CO2,0.0,810.85,323,0.4,0.22,0.34,53.5,1.5,6.6,0.1,35.5,2.8,59.3,37.9,2.97,0.5,1.48,0.52,False
340,walnut shells,773,CO2,0.0,810.85,323,0.5,0.3,0.34,53.5,1.5,6.6,0.1,35.5,2.8,59.3,37.9,2.97,0.5,1.48,0.52,False
341,walnut shells,773,CO2,0.0,810.85,323,0.65,0.32,0.34,53.5,1.5,6.6,0.1,35.5,2.8,59.3,37.9,2.97,0.5,1.48,0.52,False
342,walnut shells,773,CO2,0.0,810.85,323,0.8,0.44,0.34,53.5,1.5,6.6,0.1,35.5,2.8,59.3,37.9,2.97,0.5,1.48,0.52,False
343,walnut shells,773,CO2,0.0,810.85,323,1.0,0.64,0.34,53.5,1.5,6.6,0.1,35.5,2.8,59.3,37.9,2.97,0.5,1.48,0.52,False
344,walnut shells,773,CO2,0.0,810.85,323,1.2,0.76,0.34,53.5,1.5,6.6,0.1,35.5,2.8,59.3,37.9,2.97,0.5,1.48,0.52,False
345,walnut shells,773,CO2,0.0,810.85,323,1.3,0.79,0.34,53.5,1.5,6.6,0.1,35.5,2.8,59.3,37.9,2.97,0.5,1.48,0.52,False
346,peanut shells,973,KOH-1,1.0,956.0,273,1.0,5.1,0.43,72.77,0.91,3.06,0.09,12.76,10.4,14.82,74.77,3.84,0.13,0.51,0.14,True
347,peanut shells,973,KOH-1,1.0,956.0,273,0.9,4.9,0.43,72.77,0.91,3.06,0.09,12.76,10.4,14.82,74.77,3.84,0.13,0.51,0.14,True
348,peanut shells,973,KOH-1,1.0,956.0,273,0.8,4.7,0.43,72.77,0.91,3.06,0.09,12.76,10.4,14.82,74.77,3.84,0.13,0.51,0.14,True
349,peanut shells,973,KOH-1,1.0,956.0,273,0.6,4.2,0.43,72.77,0.91,3.06,0.09,12.76,10.4,14.82,74.77,3.84,0.13,0.51,0.14,True
350,peanut shells,973,KOH-1,1.0,956.0,273,0.4,3.8,0.43,72.77,0.91,3.06,0.09,12.76,10.4,14.82,74.77,3.84,0.13,0.51,0.14,True
351,peanut shells,973,KOH-1,1.0,956.0,273,0.2,2.8,0.43,72.77,0.91,3.06,0.09,12.76,10.4,14.82,74.77,3.84,0.13,0.51,0.14,True
352,peanut shells,973,KOH-1,1.0,956.0,298,1.0,4.0,0.43,72.77,0.91,3.06,0.09,12.76,10.4,14.82,74.77,3.84,0.13,0.51,0.14,True
353,peanut shells,973,KOH-1,1.0,956.0,298,0.9,3.8,0.43,72.77,0.91,3.06,0.09,12.76,10.4,14.82,74.77,3.84,0.13,0.51,0.14,True
354,peanut shells,973,KOH-1,1.0,956.0,298,0.8,3.6,0.43,72.77,0.91,3.06,0.09,12.76,10.4,14.82,74.77,3.84,0.13,0.51,0.14,True
355,peanut shells,973,KOH-1,1.0,956.0,298,0.6,3.1,0.43,72.77,0.91,3.06,0.09,12.76,10.4,14.82,74.77,3.84,0.13,0.51,0.14,True
356,peanut shells,973,KOH-1,1.0,956.0,298,0.5,2.8,0.43,72.77,0.91,3.06,0.09,12.76,10.4,14.82,74.77,3.84,0.13,0.51,0.14,True
357,peanut shells,973,KOH-1,1.0,956.0,273,0.4,2.6,0.43,72.77,0.91,3.06,0.09,12.76,10.4,14.82,74.77,3.84,0.13,0.51,0.14,True
358,peanut shells,973,KOH-1,1.0,956.0,298,0.2,1.8,0.43,72.77,0.91,3.06,0.09,12.76,10.4,14.82,74.77,3.84,0.13,0.51,0.14,False
359,peanut shells,973,KOH-1,1.0,956.0,298,0.15,1.54,0.43,72.77,0.91,3.06,0.09,12.76,10.4,14.82,74.77,3.84,0.13,0.51,0.14,False
360,sunflower seed shells,973,KOH-1.25,1.25,1790.0,273,1.0,7.0,0.77,47.4,1.4,5.8,0.05,41.35,4.0,76.2,19.8,2.24,0.65,1.47,0.68,True
361,sunflower seed shells,973,KOH-1.25,1.25,1790.0,273,0.9,6.6,0.77,47.4,1.4,5.8,0.05,41.35,4.0,76.2,19.8,2.24,0.65,1.47,0.68,True
362,sunflower seed shells,973,KOH-1.25,1.25,1790.0,273,0.8,6.2,0.77,47.4,1.4,5.8,0.05,41.35,4.0,76.2,19.8,2.24,0.65,1.47,0.68,True
363,sunflower seed shells,973,KOH-1.25,1.25,1790.0,273,0.6,5.5,0.77,47.4,1.4,5.8,0.05,41.35,4.0,76.2,19.8,2.24,0.65,1.47,0.68,True
364,sunflower seed shells,973,KOH-1.25,1.25,1790.0,273,0.4,4.5,0.77,47.4,1.4,5.8,0.05,41.35,4.0,76.2,19.8,2.24,0.65,1.47,0.68,True
365,sunflower seed shells,973,KOH-1.25,1.25,1790.0,273,0.2,3.2,0.77,47.4,1.4,5.8,0.05,41.35,4.0,76.2,19.8,2.24,0.65,1.47,0.68,True
366,sunflower seed shells,973,KOH-1.25,1.25,1790.0,298,1.0,4.5,0.77,47.4,1.4,5.8,0.05,41.35,4.0,76.2,19.8,2.24,0.65,1.47,0.68,True
367,sunflower seed shells,973,KOH-1.25,1.25,1790.0,298,0.9,4.2,0.77,47.4,1.4,5.8,0.05,41.35,4.0,76.2,19.8,2.24,0.65,1.47,0.68,True
368,sunflower seed shells,973,KOH-1.25,1.25,1790.0,298,0.8,4.0,0.77,47.4,1.4,5.8,0.05,41.35,4.0,76.2,19.8,2.24,0.65,1.47,0.68,True
369,sunflower seed shells,973,KOH-1.25,1.25,1790.0,298,0.6,3.4,0.77,47.4,1.4,5.8,0.05,41.35,4.0,76.2,19.8,2.24,0.65,1.47,0.68,True
370,sunflower seed shells,973,KOH-1.25,1.25,1790.0,273,0.5,3.1,0.77,47.4,1.4,5.8,0.05,41.35,4.0,76.2,19.8,2.24,0.65,1.47,0.68,True
371,sunflower seed shells,973,KOH-1.25,1.25,1790.0,298,0.4,2.7,0.77,47.4,1.4,5.8,0.05,41.35,4.0,76.2,19.8,2.24,0.65,1.47,0.68,True
372,sunflower seed shells,973,KOH-1.25,1.25,1790.0,298,0.2,1.7,0.77,47.4,1.4,5.8,0.05,41.35,4.0,76.2,19.8,2.24,0.65,1.47,0.68,False
373,sunflower seed shells,973,KOH-1.25,1.25,1790.0,298,0.15,1.46,0.77,47.4,1.4,5.8,0.05,41.35,4.0,76.2,19.8,2.24,0.65,1.47,0.68,False
374,acai stones,1123,KOH-1,1.0,1356.0,298,1.0,4.5,0.6,43.25,1.29,5.97,0.1,47.54,1.84,72.42,25.73,2.01,0.82,1.66,0.85,True
375,acai stones,1123,KOH-1,1.0,1356.0,298,0.15,1.4,0.6,43.25,1.29,5.97,0.1,47.54,1.84,72.42,25.73,2.01,0.82,1.66,0.85,False
376,acai stones,1123,KOH-1,1.0,1356.0,298,0.6,3.5,0.6,43.25,1.29,5.97,0.1,47.54,1.84,72.42,25.73,2.01,0.82,1.66,0.85,True
377,acai stones,1123,KOH-3,3.0,2612.0,298,1.0,4.8,1.2,43.25,1.29,5.97,0.1,47.54,1.84,72.42,25.73,2.01,0.82,1.66,0.85,True
378,acai stones,1123,KOH-3,3.0,2612.0,298,0.15,1.0,1.2,43.25,1.29,5.97,0.1,47.54,1.84,72.42,25.73,2.01,0.82,1.66,0.85,False
379,acai stones,1123,KOH-3,3.0,2612.0,298,0.6,3.0,1.2,43.25,1.29,5.97,0.1,47.54,1.84,72.42,25.73,2.01,0.82,1.66,0.85,True
380,acai stones,1123,KOH-5,5.0,3244.0,298,1.0,3.1,1.6,43.25,1.29,5.97,0.1,47.54,1.84,72.42,25.73,2.01,0.82,1.66,0.85,True
381,acai stones,1123,KOH-5,5.0,3244.0,298,0.15,0.6,1.6,43.25,1.29,5.97,0.1,47.54,1.84,72.42,25.73,2.01,0.82,1.66,0.85,False
382,acai stones,1123,KOH-5,5.0,3244.0,298,0.6,1.8,1.6,43.25,1.29,5.97,0.1,47.54,1.84,72.42,25.73,2.01,0.82,1.66,0.85,False
383,acai stones,1123,KOH-1,1.0,1356.0,273,1.0,5.8,0.6,43.25,1.29,5.97,0.1,47.54,1.84,72.42,25.73,2.01,0.82,1.66,0.85,True
384,acai stones,1123,KOH-1,1.0,1356.0,273,0.15,2.3,0.6,43.25,1.29,5.97,0.1,47.54,1.84,72.42,25.73,2.01,0.82,1.66,0.85,False
385,acai stones,1123,KOH-1,1.0,1356.0,273,0.6,4.7,0.6,43.25,1.29,5.97,0.1,47.54,1.84,72.42,25.73,2.01,0.82,1.66,0.85,True
386,acai stones,1123,KOH-3,3.0,2612.0,273,1.0,6.4,1.2,43.25,1.29,5.97,0.1,47.54,1.84,72.42,25.73,2.01,0.82,1.66,0.85,True
387,acai stones,1123,KOH-3,3.0,2612.0,273,0.15,1.4,1.2,43.25,1.29,5.97,0.1,47.54,1.84,72.42,25.73,2.01,0.82,1.66,0.85,False
388,acai stones,1123,KOH-3,3.0,2612.0,273,0.6,4.3,1.2,43.25,1.29,5.97,0.1,47.54,1.84,72.42,25.73,2.01,0.82,1.66,0.85,True
389,acai stones,1123,KOH-5,5.0,3244.0,273,1.0,5.5,1.6,43.25,1.29,5.97,0.1,47.54,1.84,72.42,25.73,2.01,0.82,1.66,0.85,True
390,acai stones,1123,KOH-5,5.0,3244.0,273,0.15,1.0,1.6,43.25,1.29,5.97,0.1,47.54,1.84,72.42,25.73,2.01,0.82,1.66,0.85,False
391,acai stones,1123,KOH-5,5.0,3244.0,273,0.6,3.5,1.6,43.25,1.29,5.97,0.1,47.54,1.84,72.42,25.73,2.01,0.82,1.66,0.85,True
392,acai stones,1123,CO2,0.0,1150.0,298,1.0,3.3,0.58,43.25,1.29,5.97,0.1,47.54,1.84,72.42,25.73,2.01,0.82,1.66,0.85,True
393,acai stones,1123,CO2,0.0,1150.0,298,0.15,1.0,0.58,43.25,1.29,5.97,0.1,47.54,1.84,72.42,25.73,2.01,0.82,1.66,0.85,False
394,acai stones,1123,CO2,0.0,1150.0,298,0.6,2.5,0.58,43.25,1.29,5.97,0.1,47.54,1.84,72.42,25.73,2.01,0.82,1.66,0.85,False
395,sugarcane bagasse,1123,CO2,0.0,622.0,298,1.0,2.5,0.38,44.8,0.4,5.4,0.01,38.09,11.3,73.7,15.0,2.27,0.64,1.45,0.65,False
396,sugarcane bagasse,1123,CO2,0.0,622.0,298,0.8,2.4,0.38,44.8,0.4,5.4,0.01,38.09,11.3,73.7,15.0,2.27,0.64,1.45,0.65,False
397,sugarcane bagasse,1123,CO2,0.0,622.0,298,0.6,2.2,0.38,44.8,0.4,5.4,0.01,38.09,11.3,73.7,15.0,2.27,0.64,1.45,0.65,False
398,sugarcane bagasse,1123,CO2,0.0,622.0,298,0.4,1.9,0.38,44.8,0.4,5.4,0.01,38.09,11.3,73.7,15.0,2.27,0.64,1.45,0.65,False
399,sugarcane bagasse,1123,CO2,0.0,622.0,298,0.2,1.4,0.38,44.8,0.4,5.4,0.01,38.09,11.3,73.7,15.0,2.27,0.64,1.45,0.65,False
400,sugarcane bagasse,1123,CO2,0.0,622.0,298,0.1,1.1,0.38,44.8,0.4,5.4,0.01,38.09,11.3,73.7,15.0,2.27,0.64,1.45,0.65,False
401,tea seed shell,973,KOH-4,4.0,1442.19,298,1.0,3.15,0.47,47.66,0.46,5.95,0.39,43.17,2.37,75.56,22.07,2.22,0.68,1.5,0.68,True
402,tea seed shell,973,KOH-4,4.0,1442.19,298,0.8,2.8,0.47,47.66,0.46,5.95,0.39,43.17,2.37,75.56,22.07,2.22,0.68,1.5,0.68,True
403,tea seed shell,973,KOH-4,4.0,1442.19,298,0.6,2.3,0.47,47.66,0.46,5.95,0.39,43.17,2.37,75.56,22.07,2.22,0.68,1.5,0.68,False
404,tea seed shell,973,KOH-4,4.0,1442.19,298,0.4,1.4,0.47,47.66,0.46,5.95,0.39,43.17,2.37,75.56,22.07,2.22,0.68,1.5,0.68,False
405,tea seed shell,973,KOH-4,4.0,1442.19,298,0.2,1.1,0.47,47.66,0.46,5.95,0.39,43.17,2.37,75.56,22.07,2.22,0.68,1.5,0.68,False
406,tea seed shell,973,KOH-4,4.0,1442.19,298,0.1,0.8,0.47,47.66,0.46,5.95,0.39,43.17,2.37,75.56,22.07,2.22,0.68,1.5,0.68,False
407,spent coffee grounds,873,KOH-1,1.0,831.0,298,1.0,2.8,0.41,56.4,2.6,7.0,0.0,32.7,1.3,82.9,15.8,3.43,0.43,1.49,0.47,True
408,spent coffee grounds,873,KOH-2,2.0,876.0,298,1.0,3.0,0.4,56.4,2.6,7.0,0.0,32.7,1.3,82.9,15.8,3.43,0.43,1.49,0.47,True
409,spent coffee grounds,873,KOH-3,3.0,840.0,298,1.0,3.0,0.37,56.4,2.6,7.0,0.0,32.7,1.3,82.9,15.8,3.43,0.43,1.49,0.47,True
410,spent coffee grounds,873,KOH-4,4.0,925.0,298,1.0,2.9,0.42,56.4,2.6,7.0,0.0,32.7,1.3,82.9,15.8,3.43,0.43,1.49,0.47,True
411,spent coffee grounds,973,KOH-3,3.0,1082.0,298,1.0,2.7,0.51,56.4,2.6,7.0,0.0,32.7,1.3,82.9,15.8,3.43,0.43,1.49,0.47,True
412,spent coffee grounds,873,KOH-1,1.0,831.0,273,1.0,4.9,0.41,56.4,2.6,7.0,0.0,32.7,1.3,82.9,15.8,3.43,0.43,1.49,0.47,True
413,spent coffee grounds,873,KOH-2,2.0,876.0,273,1.0,4.4,0.4,56.4,2.6,7.0,0.0,32.7,1.3,82.9,15.8,3.43,0.43,1.49,0.47,True
414,spent coffee grounds,873,KOH-3,3.0,840.0,273,1.0,4.7,0.37,56.4,2.6,7.0,0.0,32.7,1.3,82.9,15.8,3.43,0.43,1.49,0.47,True
415,spent coffee grounds,873,KOH-4,4.0,925.0,273,1.0,4.5,0.42,56.4,2.6,7.0,0.0,32.7,1.3,82.9,15.8,3.43,0.43,1.49,0.47,True
416,spent coffee grounds,973,KOH-3,3.0,1082.0,273,1.0,3.2,0.51,56.4,2.6,7.0,0.0,32.7,1.3,82.9,15.8,3.43,0.43,1.49,0.47,True
417,spent coffee grounds,873,KOH-3,3.0,840.0,323,1.0,1.8,0.37,56.4,2.6,7.0,0.0,32.7,1.3,82.9,15.8,3.43,0.43,1.49,0.47,False
418,spent coffee grounds,973,CO2,0.0,590.0,298,1.0,2.4,0.28,56.4,2.6,7.0,0.0,32.7,1.3,82.9,15.8,3.43,0.43,1.49,0.47,False
419,spent coffee grounds,973,CO2,0.0,590.0,273,1.0,3.6,0.28,56.4,2.6,7.0,0.0,32.7,1.3,82.9,15.8,3.43,0.43,1.49,0.47,True
420,spent coffee grounds,973,CO2,0.0,590.0,323,1.0,1.3,0.28,56.4,2.6,7.0,0.0,32.7,1.3,82.9,15.8,3.43,0.43,1.49,0.47,False
421,olive stones,1123,KOH-7,7.0,1345.0,273,1.0,5.6,0.574,51.19,0.2,5.95,0.5,41.37,0.8,85.4,13.8,2.3,0.61,1.4,0.61,True
422,olive stones,1173,K2CO3-1,1.0,1134.0,273,1.0,3.8,0.364,51.19,0.2,5.95,0.5,41.37,0.8,85.4,13.8,2.3,0.61,1.4,0.61,True
423,spent coffee grounds,1073,CO2,0.0,801.0,273,1.0,4.3,0.34,56.4,2.6,7.0,0.0,32.7,1.3,82.9,15.8,3.43,0.43,1.49,0.47,True
424,spent coffee grounds,1073,CO2,0.0,801.0,273,0.6,3.6,0.34,56.4,2.6,7.0,0.0,32.7,1.3,82.9,15.8,3.43,0.43,1.49,0.47,True
425,spent coffee grounds,1073,CO2,0.0,801.0,273,0.2,2.3,0.34,56.4,2.6,7.0,0.0,32.7,1.3,82.9,15.8,3.43,0.43,1.49,0.47,False
426,spent coffee grounds,1073,CO2,0.0,801.0,273,0.1,1.6,0.34,56.4,2.6,7.0,0.0,32.7,1.3,82.9,15.8,3.43,0.43,1.49,0.47,False
427,spent coffee grounds,1073,CO2,0.0,801.0,323,0.1,0.68,0.34,56.4,2.6,7.0,0.0,32.7,1.3,82.9,15.8,3.43,0.43,1.49,0.47,False
428,olive stones,1073,CO2,0.0,1248.0,298,0.15,0.99,0.53,51.19,0.2,5.95,0.5,41.37,0.8,85.4,13.8,2.3,0.61,1.4,0.61,False
429,spent coffee grounds,973,CO2,0.0,534.0,298,0.15,1.11,0.27,56.4,2.6,7.0,0.0,32.7,1.3,82.9,15.8,3.43,0.43,1.49,0.47,False
430,almond shells,1023,CO2,0.0,847.0,298,0.15,0.98,0.36,50.73,0.3,6.02,0.59,41.06,1.3,82.3,16.4,2.35,0.61,1.42,0.61,False
431,grape seeds,1073,CO2,0.0,362.0,298,1.0,2.68,0.14,51.43,2.1,6.3,0.1,35.49,4.59,69.48,25.93,2.84,0.52,1.47,0.55,True
432,grape bagasse,1073,CO2,0.0,473.0,298,1.0,2.23,0.2,44.26,1.59,5.94,0.0,43.21,5.01,72.94,22.05,2.2,0.73,1.61,0.76,False
433,grape seeds,1073,KOH-2,2.0,2029.0,298,1.0,3.59,0.85,51.43,2.1,6.3,0.1,35.49,4.59,69.48,25.93,2.84,0.52,1.47,0.55,True
434,grape bagasse,1073,KOH-2,2.0,1737.0,298,1.0,3.5,0.75,44.26,1.59,5.94,0.0,43.21,5.01,72.94,22.05,2.2,0.73,1.61,0.76,True
435,grape stalks,1073,KOH-2,2.0,1731.0,298,1.0,2.43,0.73,37.96,1.08,4.49,0.15,47.62,8.7,67.88,23.42,1.51,0.94,1.42,0.97,False
