precursor,pyrolysis T (K),activator_name,activator_ratio,BET (m2/g),T ads (K),P ads (bar),CO2 ads (mmol/g),pore volume (cm3/g),C (%),N (%),H (%),S (%),O (%),ash (%),VM (%),FC (%),H/O (molar),O/C (molar),H/C (molar),(O+N)/C (molar)
lignin waste,873,KOH/C_2,2,1157,298,1,3.2,0.59,61.68,1.29,5.85,0.00,28.99,2.19,61.1,36.71,3.23,0.35,1.14,0.37
lignin waste,873,KOH/C_2,2,1157,298,0.2,1.2,0.59,61.68,1.29,5.85,0.00,28.99,2.19,61.1,36.71,3.23,0.35,1.14,0.37
lignin waste,873,KOH/C_2,2,1157,273,1,4.4,0.59,61.68,1.29,5.85,0.00,28.99,2.19,61.1,36.71,3.23,0.35,1.14,0.37
lignin waste,873,KOH/C_2,2,1157,323,1,1.9,0.59,61.68,1.29,5.85,0.00,28.99,2.19,61.1,36.71,3.23,0.35,1.14,0.37
lignin waste,873,KOH/C_2,2,1157,348,1,1.3,0.59,61.68,1.29,5.85,0.00,28.99,2.19,61.1,36.71,3.23,0.35,1.14,0.37
lignin waste,873,KOH/C_2,2,1157,273,0.2,1.9,0.59,61.68,1.29,5.85,0.00,28.99,2.19,61.1,36.71,3.23,0.35,1.14,0.37
lignin waste,973,KOH/C_2,2,1551,298,1,4.6,0.77,61.68,1.29,5.85,0.00,28.99,2.19,61.1,36.71,3.23,0.35,1.14,0.37
lignin waste,973,KOH/C_2,2,1551,298,0.2,1.5,0.77,61.68,1.29,5.85,0.00,28.99,2.19,61.1,36.71,3.23,0.35,1.14,0.37
lignin waste,973,KOH/C_2,2,1551,273,1,7.4,0.77,61.68,1.29,5.85,0.00,28.99,2.19,61.1,36.71,3.23,0.35,1.14,0.37
lignin waste,973,KOH/C_2,2,1551,323,1,2.5,0.77,61.68,1.29,5.85,0.00,28.99,2.19,61.1,36.71,3.23,0.35,1.14,0.37
lignin waste,973,KOH/C_2,2,1551,348,1,1.5,0.77,61.68,1.29,5.85,0.00,28.99,2.19,61.1,36.71,3.23,0.35,1.14,0.37
lignin waste,973,KOH/C_2,2,1551,273,0.2,2.8,0.77,61.68,1.29,5.85,0.00,28.99,2.19,61.1,36.71,3.23,0.35,1.14,0.37
lignin waste,1073,KOH/C_2,2,1924,298,1,4,0.95,61.68,1.29,5.85,0.00,28.99,2.19,61.1,36.71,3.23,0.35,1.14,0.37
lignin waste,1073,KOH/C_2,2,1924,298,0.2,1.2,0.95,61.68,1.29,5.85,0.00,28.99,2.19,61.1,36.71,3.23,0.35,1.14,0.37
lignin waste,1073,KOH/C_2,2,1924,273,1,6.5,0.95,61.68,1.29,5.85,0.00,28.99,2.19,61.1,36.71,3.23,0.35,1.14,0.37
lignin waste,1073,KOH/C_2,2,1924,323,1,2.5,0.95,61.68,1.29,5.85,0.00,28.99,2.19,61.1,36.71,3.23,0.35,1.14,0.37
lignin waste,1073,KOH/C_2,2,1924,348,1,1.4,0.95,61.68,1.29,5.85,0.00,28.99,2.19,61.1,36.71,3.23,0.35,1.14,0.37
lignin waste,1073,KOH/C_2,2,1924,273,0.2,2.1,0.95,61.68,1.29,5.85,0.00,28.99,2.19,61.1,36.71,3.23,0.35,1.14,0.37
lignin waste,873,KOH/C_4,4,1820,298,1,2.7,0.91,61.68,1.29,5.85,0.00,28.99,2.19,61.1,36.71,3.23,0.35,1.14,0.37
lignin waste,973,KOH/C_4,4,2038,298,1,3.2,1,61.68,1.29,5.85,0.00,28.99,2.19,61.1,36.71,3.23,0.35,1.14,0.37
lignin waste,1073,KOH/C_4,4,3235,298,1,2.8,1.77,61.68,1.29,5.85,0.00,28.99,2.19,61.1,36.71,3.23,0.35,1.14,0.37
lignin waste,1173,KOH/C_4,4,2750,298,1,2.4,1.66,61.68,1.29,5.85,0.00,28.99,2.19,61.1,36.71,3.23,0.35,1.14,0.37
peanut shell,953,KOH-2,2,1713,273,1,7.25,0.73,72.77,0.91,3.06,0.09,12.76,10.40,14.82,74.77,3.84,0.13,0.51,0.14
peanut shell,953,KOH-2,2,1713,298,1,4.41,0.73,72.77,0.91,3.06,0.09,12.76,10.40,14.82,74.77,3.84,0.13,0.51,0.14
peanut shell,1003,KOH-2,2,1893,273,1,7.12,0.78,72.77,0.91,3.06,0.09,12.76,10.40,14.82,74.77,3.84,0.13,0.51,0.14
peanut shell,1003,KOH-2,2,1893,298,1,4.22,0.78,72.77,0.91,3.06,0.09,12.76,10.40,14.82,74.77,3.84,0.13,0.51,0.14
peanut shell,1053,KOH-2,2,1871,273,1,6.79,0.8,72.77,0.91,3.06,0.09,12.76,10.40,14.82,74.77,3.84,0.13,0.51,0.14
peanut shell,1053,KOH-2,2,1871,298,1,3.92,0.8,72.77,0.91,3.06,0.09,12.76,10.40,14.82,74.77,3.84,0.13,0.51,0.14
rice husk,913,KOH-1,1,774,273,0.1,2.11,0.41,47.8,0.1,5.1,0,24.4,22.6,60.7,16.7,3.34,0.38,1.28,0.38
rice husk,983,KOH-1,1,1041,273,0.1,1.91,0.53,47.8,0.1,5.1,0,24.4,22.6,60.7,16.7,3.34,0.38,1.28,0.38
rice husk,1053,KOH-1,1,1199,273,0.1,1.91,0.6,47.8,0.1,5.1,0,24.4,22.6,60.7,16.7,3.34,0.38,1.28,0.38
rice husk,1053,KOH-3,3,2695,273,0.1,1.25,1.14,47.8,0.1,5.1,0,24.4,22.6,60.7,16.7,3.34,0.38,1.28,0.38
rice husk,913,KOH-1,1,774,273,0.2,2.85,0.41,47.8,0.1,5.1,0,24.4,22.6,60.7,16.7,3.34,0.38,1.28,0.38
rice husk,983,KOH-1,1,1041,273,0.2,2.9,0.53,47.8,0.1,5.1,0,24.4,22.6,60.7,16.7,3.34,0.38,1.28,0.38
rice husk,1053,KOH-1,1,1199,273,0.2,2.81,0.6,47.8,0.1,5.1,0,24.4,22.6,60.7,16.7,3.34,0.38,1.28,0.38
rice husk,1053,KOH-3,3,2695,273,0.2,2.04,1.14,47.8,0.1,5.1,0,24.4,22.6,60.7,16.7,3.34,0.38,1.28,0.38
rice husk,913,KOH-1,1,774,273,1,4.88,0.41,47.8,0.1,5.1,0,24.4,22.6,60.7,16.7,3.34,0.38,1.28,0.38
rice husk,983,KOH-1,1,1041,273,1,5.63,0.53,47.8,0.1,5.1,0,24.4,22.6,60.7,16.7,3.34,0.38,1.28,0.38
rice husk,1053,KOH-1,1,1199,273,1,6.02,0.6,47.8,0.1,5.1,0,24.4,22.6,60.7,16.7,3.34,0.38,1.28,0.38
rice husk,1053,KOH-3,3,2695,273,1,6.24,1.14,47.8,0.1,5.1,0,24.4,22.6,60.7,16.7,3.34,0.38,1.28,0.38
rice husk,913,KOH-1,1,774,298,0.1,1.24,0.41,47.8,0.1,5.1,0,24.4,22.6,60.7,16.7,3.34,0.38,1.28,0.38
rice husk,983,KOH-1,1,1041,298,0.1,1.21,0.53,47.8,0.1,5.1,0,24.4,22.6,60.7,16.7,3.34,0.38,1.28,0.38
rice husk,1053,KOH-1,1,1199,298,0.1,1.01,0.6,47.8,0.1,5.1,0,24.4,22.6,60.7,16.7,3.34,0.38,1.28,0.38
rice husk,1053,KOH-3,3,2695,298,0.1,0.69,1.14,47.8,0.1,5.1,0,24.4,22.6,60.7,16.7,3.34,0.38,1.28,0.38
rice husk,913,KOH-1,1,774,298,0.15,1.51,0.41,47.8,0.1,5.1,0,24.4,22.6,60.7,16.7,3.34,0.38,1.28,0.38
rice husk,983,KOH-1,1,1041,298,0.15,1.55,0.53,47.8,0.1,5.1,0,24.4,22.6,60.7,16.7,3.34,0.38,1.28,0.38
rice husk,1053,KOH-1,1,1199,298,0.15,1.28,0.6,47.8,0.1,5.1,0,24.4,22.6,60.7,16.7,3.34,0.38,1.28,0.38
rice husk,1053,KOH-3,3,2695,298,0.15,0.92,1.14,47.8,0.1,5.1,0,24.4,22.6,60.7,16.7,3.34,0.38,1.28,0.38
rice husk,913,KOH-1,1,774,298,0.2,1.79,0.41,47.8,0.1,5.1,0,24.4,22.6,60.7,16.7,3.34,0.38,1.28,0.38
rice husk,983,KOH-1,1,1041,298,0.2,1.83,0.53,47.8,0.1,5.1,0,24.4,22.6,60.7,16.7,3.34,0.38,1.28,0.38
rice husk,1053,KOH-1,1,1199,298,0.2,1.58,0.6,47.8,0.1,5.1,0,24.4,22.6,60.7,16.7,3.34,0.38,1.28,0.38
rice husk,1053,KOH-3,3,2695,298,0.2,1.17,1.14,47.8,0.1,5.1,0,24.4,22.6,60.7,16.7,3.34,0.38,1.28,0.38
rice husk,913,KOH-1,1,774,298,1,3.53,0.41,47.8,0.1,5.1,0,24.4,22.6,60.7,16.7,3.34,0.38,1.28,0.38
rice husk,983,KOH-1,1,1041,298,1,4.16,0.53,47.8,0.1,5.1,0,24.4,22.6,60.7,16.7,3.34,0.38,1.28,0.38
rice husk,1053,KOH-1,1,1199,298,1,3.87,1.14,47.8,0.1,5.1,0,24.4,22.6,60.7,16.7,3.34,0.38,1.28,0.38
rice husk,1053,KOH-1,1,2695,298,1,3.71,1.14,47.8,0.1,5.1,0,24.4,22.6,60.7,16.7,3.34,0.38,1.28,0.38
empty fruit bunch,873,KOH-5,5,2239,273,1,0.878,0.88,49.07,0.7,6.48,0.1,38.29,5.36,83.86,10.78,2.71,0.59,1.58,0.60
empty fruit bunch,1073,KOH-5,5,2510,273,1,5.229,1.05,49.07,0.7,6.48,0.1,38.29,5.36,83.86,10.78,2.71,0.59,1.58,0.60
empty fruit bunch,873,KOH-5,5,2239,298,1,0.854,0.88,49.07,0.7,6.48,0.1,38.29,5.36,83.86,10.78,2.71,0.59,1.58,0.60
empty fruit bunch,1073,KOH-5,5,2510,298,1,3.712,1.05,49.07,0.7,6.48,0.1,38.29,5.36,83.86,10.78,2.71,0.59,1.58,0.60
empty fruit bunch,873,KOH-5,5,2239,323,1,0.3,0.88,49.07,0.7,6.48,0.1,38.29,5.36,83.86,10.78,2.71,0.59,1.58,0.60
empty fruit bunch,1073,KOH-5,5,2510,323,1,2.343,1.05,49.07,0.7,6.48,0.1,38.29,5.36,83.86,10.78,2.71,0.59,1.58,0.60
olive stones,1073,CO2,0,1215,298,1,3.1,0.51,51.19,0.20,5.95,0.50,41.37,0.80,85.40,13.80,2.30,0.61,1.40,0.61
olive stones,1073,CO2,0,1215,373,1,0.8,0.51,51.19,0.20,5.95,0.50,41.37,0.80,85.40,13.80,2.30,0.61,1.40,0.61
olive stones,1073,CO2,0,1215,273,0.96,4.7,0.51,51.19,0.20,5.95,0.50,41.37,0.80,85.40,13.80,2.30,0.61,1.40,0.61
olive stones,1073,CO2,0,1215,273,0.83,4.4,0.51,51.19,0.20,5.95,0.50,41.37,0.80,85.40,13.80,2.30,0.61,1.40,0.61
olive stones,1073,CO2,0,1215,273,0.5,3.45,0.51,51.19,0.20,5.95,0.50,41.37,0.80,85.40,13.80,2.30,0.61,1.40,0.61
olive stones,1073,CO2,0,1215,273,0.2,2.2,0.51,51.19,0.20,5.95,0.50,41.37,0.80,85.40,13.80,2.30,0.61,1.40,0.61
olive stones,1073,CO2,0,1215,273,0.1,1.35,0.51,51.19,0.20,5.95,0.50,41.37,0.80,85.40,13.80,2.30,0.61,1.40,0.61
olive stones,1073,CO2,0,1215,298,0.9,2.9,0.51,51.19,0.20,5.95,0.50,41.37,0.80,85.40,13.80,2.30,0.61,1.40,0.61
olive stones,1073,CO2,0,1215,298,0.83,2.7,0.51,51.19,0.20,5.95,0.50,41.37,0.80,85.40,13.80,2.30,0.61,1.40,0.61
olive stones,1073,CO2,0,1215,298,0.5,2.2,0.51,51.19,0.20,5.95,0.50,41.37,0.80,85.40,13.80,2.30,0.61,1.40,0.61
olive stones,1073,CO2,0,1215,298,0.2,1.25,0.51,51.19,0.20,5.95,0.50,41.37,0.80,85.40,13.80,2.30,0.61,1.40,0.61
olive stones,1073,CO2,0,1215,298,0.1,0.75,0.51,51.19,0.20,5.95,0.50,41.37,0.80,85.40,13.80,2.30,0.61,1.40,0.61
olive stones,1073,CO2,0,1215,323,0.96,1.8,0.51,51.19,0.20,5.95,0.50,41.37,0.80,85.40,13.80,2.30,0.61,1.40,0.61
olive stones,1073,CO2,0,1215,323,0.83,1.6,0.51,51.19,0.20,5.95,0.50,41.37,0.80,85.40,13.80,2.30,0.61,1.40,0.61
olive stones,1073,CO2,0,1215,323,0.5,1.35,0.51,51.19,0.20,5.95,0.50,41.37,0.80,85.40,13.80,2.30,0.61,1.40,0.61
olive stones,1073,CO2,0,1215,323,0.2,0.65,0.51,51.19,0.20,5.95,0.50,41.37,0.80,85.40,13.80,2.30,0.61,1.40,0.61
olive stones,1073,CO2,0,1215,323,0.1,0.4,0.51,51.19,0.20,5.95,0.50,41.37,0.80,85.40,13.80,2.30,0.61,1.40,0.61
olive stones,1073,CO2,0,1079,298,1,2.43,0.502,51.19,0.20,5.95,0.50,41.37,0.80,85.40,13.80,2.30,0.61,1.40,0.61
olive stones,1073,CO2,0,1079,373,1,0.72,0.502,51.19,0.20,5.95,0.50,41.37,0.80,85.40,13.80,2.30,0.61,1.40,0.61
olive stones,1073,CO2,0,909,303,1,2.3,0.437,51.19,0.20,5.95,0.50,41.37,0.80,85.40,13.80,2.30,0.61,1.40,0.61
olive stones,1073,CO2,0,909,303,0.4,1.3,0.437,51.19,0.20,5.95,0.50,41.37,0.80,85.40,13.80,2.30,0.61,1.40,0.61
almond shells,973,CO2,0,831,303,0.4,1.4,0.375,50.73,0.30,6.02,0.59,41.06,1.30,82.30,16.40,2.35,0.61,1.42,0.61
almond shells,973,CO2,0,831,303,1,2.3,0.375,50.73,0.30,6.02,0.59,41.06,1.30,82.30,16.40,2.35,0.61,1.42,0.61
almond shells,1023,CO2,0,862,298,1,2.7,0.36,50.73,0.30,6.02,0.59,41.06,1.30,82.30,16.40,2.35,0.61,1.42,0.61
almond shells,1023,CO2,0,862,373,1,0.9,0.36,50.73,0.30,6.02,0.59,41.06,1.30,82.30,16.40,2.35,0.61,1.42,0.61
almond shells,1023,CO2,0,862,273,0.9,3.4,0.36,50.73,0.30,6.02,0.59,41.06,1.30,82.30,16.40,2.35,0.61,1.42,0.61
almond shells,1023,CO2,0,862,273,0.7,3.1,0.36,50.73,0.30,6.02,0.59,41.06,1.30,82.30,16.40,2.35,0.61,1.42,0.61
almond shells,1023,CO2,0,862,273,0.5,2.8,0.36,50.73,0.30,6.02,0.59,41.06,1.30,82.30,16.40,2.35,0.61,1.42,0.61
almond shells,1023,CO2,0,862,273,0.2,2,0.36,50.73,0.30,6.02,0.59,41.06,1.30,82.30,16.40,2.35,0.61,1.42,0.61
almond shells,1023,CO2,0,862,273,0.1,1.4,0.36,50.73,0.30,6.02,0.59,41.06,1.30,82.30,16.40,2.35,0.61,1.42,0.61
almond shells,1023,CO2,0,862,298,0.9,2.4,0.36,50.73,0.30,6.02,0.59,41.06,1.30,82.30,16.40,2.35,0.61,1.42,0.61
almond shells,1023,CO2,0,862,298,0.7,2.1,0.36,50.73,0.30,6.02,0.59,41.06,1.30,82.30,16.40,2.35,0.61,1.42,0.61
almond shells,1023,CO2,0,862,298,0.5,1.7,0.36,50.73,0.30,6.02,0.59,41.06,1.30,82.30,16.40,2.35,0.61,1.42,0.61
almond shells,1023,CO2,0,862,298,0.2,1.2,0.36,50.73,0.30,6.02,0.59,41.06,1.30,82.30,16.40,2.35,0.61,1.42,0.61
almond shells,1023,CO2,0,862,298,0.1,0.9,0.36,50.73,0.30,6.02,0.59,41.06,1.30,82.30,16.40,2.35,0.61,1.42,0.61
almond shells,1023,CO2,0,862,323,0.9,1.6,0.36,50.73,0.30,6.02,0.59,41.06,1.30,82.30,16.40,2.35,0.61,1.42,0.61
almond shells,1023,CO2,0,862,323,0.7,1.4,0.36,50.73,0.30,6.02,0.59,41.06,1.30,82.30,16.40,2.35,0.61,1.42,0.61
almond shells,1023,CO2,0,862,323,0.5,1.2,0.36,50.73,0.30,6.02,0.59,41.06,1.30,82.30,16.40,2.35,0.61,1.42,0.61
almond shells,1023,CO2,0,862,323,0.2,0.7,0.36,50.73,0.30,6.02,0.59,41.06,1.30,82.30,16.40,2.35,0.61,1.42,0.61
almond shells,1023,CO2,0,862,323,0.1,0.5,0.36,50.73,0.30,6.02,0.59,41.06,1.30,82.30,16.40,2.35,0.61,1.42,0.61
almond shells,1073,CO2,0,822,298,1,2.14,0.371,50.73,0.30,6.02,0.59,41.06,1.30,82.30,16.40,2.35,0.61,1.42,0.61
almond shells,1073,CO2,0,822,373,1,0.75,0.371,50.73,0.30,6.02,0.59,41.06,1.30,82.30,16.40,2.35,0.61,1.42,0.61
almond shells,973,CO2,0,1090,298,1,2.66,0.5,50.73,0.30,6.02,0.59,41.06,1.30,82.30,16.40,2.35,0.61,1.42,0.61
almond shells,973,CO2,0,1090,373,1,0.93,0.5,50.73,0.30,6.02,0.59,41.06,1.30,82.30,16.40,2.35,0.61,1.42,0.61
almond shells,973,CO2,0,1090,298,0.15,1.14,0.5,50.73,0.30,6.02,0.59,41.06,1.30,82.30,16.40,2.35,0.61,1.42,0.61
bamboo,1246,KOH-1,1,930,298,0.9,3.7,0.41,51.49,0.40,5.09,0.04,41.96,1.02,81.54,17.44,1.94,0.61,1.19,0.62
bamboo,1246,KOH-1,1,930,298,1,3.8,0.41,51.49,0.40,5.09,0.04,41.96,1.02,81.54,17.44,1.94,0.61,1.19,0.62
eucalyptus sawdust,873,KOH-2,2,1260,273,1,6.1,0.62,46.80,0.10,6.10,0.00,46.50,0.50,84.60,14.90,2.10,0.75,1.56,0.75
eucalyptus sawdust,923,KOH-2,2,1380,273,1,6,0.67,46.80,0.10,6.10,0.00,46.50,0.50,84.60,14.90,2.10,0.75,1.56,0.75
eucalyptus sawdust,973,KOH-2,2,1390,273,1,6.6,0.69,46.80,0.10,6.10,0.00,46.50,0.50,84.60,14.90,2.10,0.75,1.56,0.75
eucalyptus sawdust,1073,KOH-2,2,1940,273,1,5.8,0.97,46.80,0.10,6.10,0.00,46.50,0.50,84.60,14.90,2.10,0.75,1.56,0.75
eucalyptus sawdust,873,KOH-4,4,2370,273,1,5.2,1.15,46.80,0.10,6.10,0.00,46.50,0.50,84.60,14.90,2.10,0.75,1.56,0.75
eucalyptus sawdust,973,KOH-4,4,2250,273,1,5.5,1.03,46.80,0.10,6.10,0.00,46.50,0.50,84.60,14.90,2.10,0.75,1.56,0.75
eucalyptus sawdust,1073,KOH-4,4,2850,273,1,5.2,1.35,46.80,0.10,6.10,0.00,46.50,0.50,84.60,14.90,2.10,0.75,1.56,0.75
eucalyptus sawdust,873,KOH-2,2,1260,298,1,4.8,0.62,46.80,0.10,6.10,0.00,46.50,0.50,84.60,14.90,2.10,0.75,1.56,0.75
eucalyptus sawdust,923,KOH-2,2,1380,298,1,4.7,0.67,46.80,0.10,6.10,0.00,46.50,0.50,84.60,14.90,2.10,0.75,1.56,0.75
eucalyptus sawdust,973,KOH-2,2,1390,298,1,4.3,0.69,46.80,0.10,6.10,0.00,46.50,0.50,84.60,14.90,2.10,0.75,1.56,0.75
eucalyptus sawdust,1073,KOH-2,2,1940,298,1,3.9,0.97,46.80,0.10,6.10,0.00,46.50,0.50,84.60,14.90,2.10,0.75,1.56,0.75
eucalyptus sawdust,873,KOH-4,4,2370,298,1,2.9,1.15,46.80,0.10,6.10,0.00,46.50,0.50,84.60,14.90,2.10,0.75,1.56,0.75
eucalyptus sawdust,973,KOH-4,4,2250,298,1,2.9,1.03,46.80,0.10,6.10,0.00,46.50,0.50,84.60,14.90,2.10,0.75,1.56,0.75
eucalyptus sawdust,1073,KOH-4,4,2850,298,1,3,1.35,46.80,0.10,6.10,0.00,46.50,0.50,84.60,14.90,2.10,0.75,1.56,0.75
eucalyptus sawdust,873,KOH-2,2,1260,323,1,3.6,0.62,46.80,0.10,6.10,0.00,46.50,0.50,84.60,14.90,2.10,0.75,1.56,0.75
eucalyptus sawdust,923,KOH-2,2,1380,323,1,3.3,0.67,46.80,0.10,6.10,0.00,46.50,0.50,84.60,14.90,2.10,0.75,1.56,0.75
eucalyptus sawdust,973,KOH-2,2,1390,323,1,2.6,0.69,46.80,0.10,6.10,0.00,46.50,0.50,84.60,14.90,2.10,0.75,1.56,0.75
eucalyptus sawdust,1073,KOH-2,2,1940,323,1,3.1,0.97,46.80,0.10,6.10,0.00,46.50,0.50,84.60,14.90,2.10,0.75,1.56,0.75
eucalyptus sawdust,973,KOH-4,4,2250,323,1,1.8,1.03,46.80,0.10,6.10,0.00,46.50,0.50,84.60,14.90,2.10,0.75,1.56,0.75
tobacco stem,873,KOH-2,2,2690,298,1,3.35,1.36,37.62,2.23,4.25,1.15,32.69,22.06,64.42,13.52,2.08,0.65,1.36,0.70
tobacco stem,973,KOH-2,2,3325,298,1,3.2,1.71,37.62,2.23,4.25,1.15,32.69,22.06,64.42,13.52,2.08,0.65,1.36,0.70
tobacco stem,1073,KOH-2,2,3839,298,1,2.3,2.3,37.62,2.23,4.25,1.15,32.69,22.06,64.42,13.52,2.08,0.65,1.36,0.70
tobacco stem,1173,KOH-2,2,3391,298,1,1.5,2.72,37.62,2.23,4.25,1.15,32.69,22.06,64.42,13.52,2.08,0.65,1.36,0.70
tobacco stem,873,KOH-2,2,2690,298,0.8,2.7,1.36,37.62,2.23,4.25,1.15,32.69,22.06,64.42,13.52,2.08,0.65,1.36,0.70
tobacco stem,973,KOH-2,2,3325,298,0.8,2.5,1.71,37.62,2.23,4.25,1.15,32.69,22.06,64.42,13.52,2.08,0.65,1.36,0.70
tobacco stem,1073,KOH-2,2,3839,298,0.8,1.7,2.3,37.62,2.23,4.25,1.15,32.69,22.06,64.42,13.52,2.08,0.65,1.36,0.70
tobacco stem,1173,KOH-2,2,3391,298,0.8,1.1,2.72,37.62,2.23,4.25,1.15,32.69,22.06,64.42,13.52,2.08,0.65,1.36,0.70
tobacco stem,873,KOH-2,2,2690,298,0.6,2.1,1.36,37.62,2.23,4.25,1.15,32.69,22.06,64.42,13.52,2.08,0.65,1.36,0.70
tobacco stem,973,KOH-2,2,3325,298,0.6,1.8,1.71,37.62,2.23,4.25,1.15,32.69,22.06,64.42,13.52,2.08,0.65,1.36,0.70
tobacco stem,1073,KOH-2,2,3839,298,0.6,1.1,2.3,37.62,2.23,4.25,1.15,32.69,22.06,64.42,13.52,2.08,0.65,1.36,0.70
tobacco stem,1173,KOH-2,2,3391,298,0.6,0.8,2.72,37.62,2.23,4.25,1.15,32.69,22.06,64.42,13.52,2.08,0.65,1.36,0.70
tobacco stem,873,KOH-2,2,2690,298,0.4,1.6,1.36,37.62,2.23,4.25,1.15,32.69,22.06,64.42,13.52,2.08,0.65,1.36,0.70
tobacco stem,973,KOH-2,2,3325,298,0.4,1.2,1.71,37.62,2.23,4.25,1.15,32.69,22.06,64.42,13.52,2.08,0.65,1.36,0.70
tobacco stem,1073,KOH-2,2,3839,298,0.4,0.9,2.3,37.62,2.23,4.25,1.15,32.69,22.06,64.42,13.52,2.08,0.65,1.36,0.70
tobacco stem,1173,KOH-2,2,3391,298,0.4,0.6,2.72,37.62,2.23,4.25,1.15,32.69,22.06,64.42,13.52,2.08,0.65,1.36,0.70
tobacco stem,873,KOH-2,2,2690,298,0.2,0.9,1.36,37.62,2.23,4.25,1.15,32.69,22.06,64.42,13.52,2.08,0.65,1.36,0.70
tobacco stem,973,KOH-2,2,3325,298,0.2,0.7,1.71,37.62,2.23,4.25,1.15,32.69,22.06,64.42,13.52,2.08,0.65,1.36,0.70
tobacco stem,1073,KOH-2,2,3839,298,0.2,0.5,2.3,37.62,2.23,4.25,1.15,32.69,22.06,64.42,13.52,2.08,0.65,1.36,0.70
tobacco stem,1173,KOH-2,2,3391,298,0.2,0.3,2.72,37.62,2.23,4.25,1.15,32.69,22.06,64.42,13.52,2.08,0.65,1.36,0.70
vine shoots,1073,CO2,0,767,273,0.15,1.89,0.374,47.10,0.66,5.29,0.56,45.40,0.99,68.10,30.91,1.86,0.72,1.35,0.73
vine shoots,1073,CO2,0,767,273,1,4.07,0.374,47.10,0.66,5.29,0.56,45.40,0.99,68.10,30.91,1.86,0.72,1.35,0.73
vine shoots,873,KOH-1,1,704,273,0.15,2.16,0.291,47.10,0.66,5.29,0.56,45.40,0.99,68.10,30.91,1.86,0.72,1.35,0.73
vine shoots,973,KOH-1,1,1101,273,0.15,2.42,0.541,47.10,0.66,5.29,0.56,45.40,0.99,68.10,30.91,1.86,0.72,1.35,0.73
vine shoots,873,KOH-2,2,1305,273,0.15,2.25,0.534,47.10,0.66,5.29,0.56,45.40,0.99,68.10,30.91,1.86,0.72,1.35,0.73
vine shoots,973,KOH-2,2,1671,273,0.15,2.25,0.67,47.10,0.66,5.29,0.56,45.40,0.99,68.10,30.91,1.86,0.72,1.35,0.73
vine shoots,873,KOH-1,1,704,273,1,4.16,0.291,47.10,0.66,5.29,0.56,45.40,0.99,68.10,30.91,1.86,0.72,1.35,0.73
vine shoots,973,KOH-1,1,1101,273,1,5.36,0.541,47.10,0.66,5.29,0.56,45.40,0.99,68.10,30.91,1.86,0.72,1.35,0.73
vine shoots,873,KOH-2,2,1305,273,1,6.04,0.534,47.10,0.66,5.29,0.56,45.40,0.99,68.10,30.91,1.86,0.72,1.35,0.73
vine shoots,973,KOH-2,2,1671,273,1,5.4,0.67,47.10,0.66,5.29,0.56,45.40,0.99,68.10,30.91,1.86,0.72,1.35,0.73
walnut shells,723,NaNH2-1.5,1.5,589,273,1,4.17,0.34,53.50,1.50,6.60,0.10,35.50,2.80,59.30,37.90,2.97,0.50,1.48,0.52
walnut shells,773,NaNH2-1.5,1.5,802,273,1,3.88,0.47,53.50,1.50,6.60,0.10,35.50,2.80,59.30,37.90,2.97,0.50,1.48,0.52
walnut shells,723,NaNH2-2.5,2.5,1687,273,1,5.22,0.94,53.50,1.50,6.60,0.10,35.50,2.80,59.30,37.90,2.97,0.50,1.48,0.52
walnut shells,773,NaNH2-2.5,2.5,1721,273,1,3.17,0.92,53.50,1.50,6.60,0.10,35.50,2.80,59.30,37.90,2.97,0.50,1.48,0.52
walnut shells,723,NaNH2-1.5,1.5,589,298,1,2.53,0.34,53.50,1.50,6.60,0.10,35.50,2.80,59.30,37.90,2.97,0.50,1.48,0.52
walnut shells,773,NaNH2-1.5,1.5,802,298,1,1.96,0.47,53.50,1.50,6.60,0.10,35.50,2.80,59.30,37.90,2.97,0.50,1.48,0.52
walnut shells,723,NaNH2-2.5,2.5,1687,298,1,3.06,0.94,53.50,1.50,6.60,0.10,35.50,2.80,59.30,37.90,2.97,0.50,1.48,0.52
walnut shells,773,NaNH2-2.5,2.5,1721,298,1,2.15,0.92,53.50,1.50,6.60,0.10,35.50,2.80,59.30,37.90,2.97,0.50,1.48,0.52
walnut shells,723,NaNH2-1.5,1.5,589,273,0.2,1.9,0.34,53.50,1.50,6.60,0.10,35.50,2.80,59.30,37.90,2.97,0.50,1.48,0.52
walnut shells,723,NaNH2-2.5,2.5,1687,273,0.2,1.75,0.94,53.50,1.50,6.60,0.10,35.50,2.80,59.30,37.90,2.97,0.50,1.48,0.52
walnut shells,723,NaNH2-1.5,1.5,589,298,0.2,1.4,0.34,53.50,1.50,6.60,0.10,35.50,2.80,59.30,37.90,2.97,0.50,1.48,0.52
walnut shells,723,NaNH2-2.5,2.5,1687,298,0.2,0.7,0.94,53.50,1.50,6.60,0.10,35.50,2.80,59.30,37.90,2.97,0.50,1.48,0.52
walnut shells,1273,KCl-ZnCl2-2,2,1389,273,1,8,0.68,53.50,1.50,6.60,0.10,35.50,2.80,59.30,37.90,2.97,0.50,1.48,0.52
walnut shells,1273,KCl-ZnCl2-3,3,2025,298,1,5.5,1.15,53.50,1.50,6.60,0.10,35.50,2.80,59.30,37.90,2.97,0.50,1.48,0.52
poplar wood sawdust,873,KOH-2,2,893,273,1,3.66,0.38,42.77,0.73,6.12,0.08,48.38,1.92,84.59,13.49,2.02,0.85,1.72,0.86
poplar wood sawdust,973,KOH-2,2,1339,273,1,2.83,0.68,42.77,0.73,6.12,0.08,48.38,1.92,84.59,13.49,2.02,0.85,1.72,0.86
poplar wood sawdust,1073,KOH-2,2,1587,273,1,3.45,1,42.77,0.73,6.12,0.08,48.38,1.92,84.59,13.49,2.02,0.85,1.72,0.86
poplar wood sawdust,1073,KOH-1,1,2153,273,1,4.93,1.13,42.77,0.73,6.12,0.08,48.38,1.92,84.59,13.49,2.02,0.85,1.72,0.86
poplar wood sawdust,873,KOH-2,2,893,273,0.15,1.24,0.38,42.77,0.73,6.12,0.08,48.38,1.92,84.59,13.49,2.02,0.85,1.72,0.86
poplar wood sawdust,973,KOH-2,2,1339,273,0.15,0.86,0.68,42.77,0.73,6.12,0.08,48.38,1.92,84.59,13.49,2.02,0.85,1.72,0.86
poplar wood sawdust,1073,KOH-2,2,1587,273,0.15,0.84,1,42.77,0.73,6.12,0.08,48.38,1.92,84.59,13.49,2.02,0.85,1.72,0.86
poplar wood sawdust,1073,KOH-1,1,2153,273,0.15,1.34,1.13,42.77,0.73,6.12,0.08,48.38,1.92,84.59,13.49,2.02,0.85,1.72,0.86
poplar wood sawdust,873,KOH-2,2,893,298,1,2.28,0.38,42.77,0.73,6.12,0.08,48.38,1.92,84.59,13.49,2.02,0.85,1.72,0.86
poplar wood sawdust,973,KOH-2,2,1339,298,1,1.77,0.68,42.77,0.73,6.12,0.08,48.38,1.92,84.59,13.49,2.02,0.85,1.72,0.86
poplar wood sawdust,1073,KOH-2,2,1587,298,1,2.06,1,42.77,0.73,6.12,0.08,48.38,1.92,84.59,13.49,2.02,0.85,1.72,0.86
poplar wood sawdust,1073,KOH-1,1,2153,298,1,2.86,1.13,42.77,0.73,6.12,0.08,48.38,1.92,84.59,13.49,2.02,0.85,1.72,0.86
chrysanthemum tea,1273,ZnCl2-1,1,1840,298,1,3.8,1.16,48.00,0.50,5.50,0.06,44.44,1.50,85.50,13.00,1.98,0.69,1.38,0.70
chrysanthemum tea,1273,ZnCl2-1,1,1840,298,0.8,3,1.16,48.00,0.50,5.50,0.06,44.44,1.50,85.50,13.00,1.98,0.69,1.38,0.70
chrysanthemum tea,1273,ZnCl2-1,1,1840,298,0.6,2.3,1.16,48.00,0.50,5.50,0.06,44.44,1.50,85.50,13.00,1.98,0.69,1.38,0.70
chrysanthemum tea,1273,ZnCl2-1,1,1840,298,0.4,1.25,1.16,48.00,0.50,5.50,0.06,44.44,1.50,85.50,13.00,1.98,0.69,1.38,0.70
chrysanthemum tea,1273,ZnCl2-1,1,1840,298,0.2,0.7,1.16,48.00,0.50,5.50,0.06,44.44,1.50,85.50,13.00,1.98,0.69,1.38,0.70
cork,773,KOH-3,3,1491,273,1,6.5,0.621,58.55,1.32,7.23,0.00,28.58,4.33,76.80,18.88,4.05,0.37,1.48,0.39
cork,873,KOH-3,3,1885,273,1,7.14,0.781,58.55,1.32,7.23,0.00,28.58,4.33,76.80,18.88,4.05,0.37,1.48,0.39
cork,973,KOH-3,3,2010,273,1,7.82,0.82,58.55,1.32,7.23,0.00,28.58,4.33,76.80,18.88,4.05,0.37,1.48,0.39
cork,1073,KOH-3,3,1909,273,1,6.07,0.915,58.55,1.32,7.23,0.00,28.58,4.33,76.80,18.88,4.05,0.37,1.48,0.39
cork,973,KOH-1,1,984,273,1,5.28,0.428,58.55,1.32,7.23,0.00,28.58,4.33,76.80,18.88,4.05,0.37,1.48,0.39
cork,973,KOH-2,2,1605,273,1,6.94,0.656,58.55,1.32,7.23,0.00,28.58,4.33,76.80,18.88,4.05,0.37,1.48,0.39
cork,973,KOH-4,4,1949,273,1,7.66,0.836,58.55,1.32,7.23,0.00,28.58,4.33,76.80,18.88,4.05,0.37,1.48,0.39
cork,973,KOH-5,5,2380,273,1,5.8,1.136,58.55,1.32,7.23,0.00,28.58,4.33,76.80,18.88,4.05,0.37,1.48,0.39
cork,973,KOH-6,6,2379,273,1,5.59,1.29,58.55,1.32,7.23,0.00,28.58,4.33,76.80,18.88,4.05,0.37,1.48,0.39
cork,773,KOH-3,3,1491,298,1,3.57,0.621,58.55,1.32,7.23,0.00,28.58,4.33,76.80,18.88,4.05,0.37,1.48,0.39
cork,873,KOH-3,3,1885,298,1,3.84,0.781,58.55,1.32,7.23,0.00,28.58,4.33,76.80,18.88,4.05,0.37,1.48,0.39
cork,973,KOH-3,3,2010,298,1,4.27,0.82,58.55,1.32,7.23,0.00,28.58,4.33,76.80,18.88,4.05,0.37,1.48,0.39
cork,1073,KOH-3,3,1909,298,1,3.42,0.915,58.55,1.32,7.23,0.00,28.58,4.33,76.80,18.88,4.05,0.37,1.48,0.39
cork,973,KOH-1,1,984,298,1,3.46,0.428,58.55,1.32,7.23,0.00,28.58,4.33,76.80,18.88,4.05,0.37,1.48,0.39
cork,973,KOH-2,2,1605,298,1,3.91,0.656,58.55,1.32,7.23,0.00,28.58,4.33,76.80,18.88,4.05,0.37,1.48,0.39
cork,973,KOH-4,4,1949,298,1,3.88,0.836,58.55,1.32,7.23,0.00,28.58,4.33,76.80,18.88,4.05,0.37,1.48,0.39
cork,973,KOH-5,5,2380,298,1,3.04,1.136,58.55,1.32,7.23,0.00,28.58,4.33,76.80,18.88,4.05,0.37,1.48,0.39
cork,973,KOH-6,6,2379,298,1,2.66,1.29,58.55,1.32,7.23,0.00,28.58,4.33,76.80,18.88,4.05,0.37,1.48,0.39
cork,973,KOH-3,3,2010,273,0.8,6.8,0.82,58.55,1.32,7.23,0.00,28.58,4.33,76.80,18.88,4.05,0.37,1.48,0.39
cork,973,KOH-3,3,2010,273,0.6,5.8,0.82,58.55,1.32,7.23,0.00,28.58,4.33,76.80,18.88,4.05,0.37,1.48,0.39
cork,973,KOH-3,3,2010,273,0.4,4.4,0.82,58.55,1.32,7.23,0.00,28.58,4.33,76.80,18.88,4.05,0.37,1.48,0.39
cork,973,KOH-3,3,2010,273,0.2,2.6,0.82,58.55,1.32,7.23,0.00,28.58,4.33,76.80,18.88,4.05,0.37,1.48,0.39
cork,973,KOH-3,3,2010,298,0.8,3.5,0.82,58.55,1.32,7.23,0.00,28.58,4.33,76.80,18.88,4.05,0.37,1.48,0.39
cork,973,KOH-3,3,2010,298,0.6,2.9,0.82,58.55,1.32,7.23,0.00,28.58,4.33,76.80,18.88,4.05,0.37,1.48,0.39
cork,973,KOH-3,3,2010,298,0.4,2.2,0.82,58.55,1.32,7.23,0.00,28.58,4.33,76.80,18.88,4.05,0.37,1.48,0.39
cork,973,KOH-3,3,2010,298,0.2,1.2,0.82,58.55,1.32,7.23,0.00,28.58,4.33,76.80,18.88,4.05,0.37,1.48,0.39
spent coffee grounds,873,K2CO3-1,1,750,273,0.15,2.48,0.3,54.78,3.32,6.93,0.04,33.63,1.30,82.90,15.80,3.30,0.46,1.52,0.51
spent coffee grounds,973,K2CO3-1,1,1476,273,0.15,2.47,0.61,54.78,3.32,6.93,0.04,33.63,1.30,82.90,15.80,3.30,0.46,1.52,0.51
spent coffee grounds,1073,K2CO3-1,1,1692,273,0.15,1.74,1.15,54.78,3.32,6.93,0.04,33.63,1.30,82.90,15.80,3.30,0.46,1.52,0.51
spent coffee grounds,873,K2CO3-1,1,750,273,1,4.88,0.3,54.78,3.32,6.93,0.04,33.63,1.30,82.90,15.80,3.30,0.46,1.52,0.51
spent coffee grounds,973,K2CO3-1,1,1476,273,1,7.02,0.61,54.78,3.32,6.93,0.04,33.63,1.30,82.90,15.80,3.30,0.46,1.52,0.51
spent coffee grounds,1073,K2CO3-1,1,1692,273,1,6.38,1.15,54.78,3.32,6.93,0.04,33.63,1.30,82.90,15.80,3.30,0.46,1.52,0.51
spent coffee grounds,873,K2CO3-1,1,750,298,0.15,1.46,0.3,54.78,3.32,6.93,0.04,33.63,1.30,82.90,15.80,3.30,0.46,1.52,0.51
spent coffee grounds,973,K2CO3-1,1,1476,298,0.15,1.3,0.61,54.78,3.32,6.93,0.04,33.63,1.30,82.90,15.80,3.30,0.46,1.52,0.51
spent coffee grounds,1073,K2CO3-1,1,1692,298,0.15,0.92,1.15,54.78,3.32,6.93,0.04,33.63,1.30,82.90,15.80,3.30,0.46,1.52,0.51
spent coffee grounds,873,K2CO3-1,1,750,298,1,3.65,0.3,54.78,3.32,6.93,0.04,33.63,1.30,82.90,15.80,3.30,0.46,1.52,0.51
spent coffee grounds,973,K2CO3-1,1,1476,298,1,4.54,0.61,54.78,3.32,6.93,0.04,33.63,1.30,82.90,15.80,3.30,0.46,1.52,0.51
spent coffee grounds,1073,K2CO3-1,1,1692,298,1,3.78,1.15,54.78,3.32,6.93,0.04,33.63,1.30,82.90,15.80,3.30,0.46,1.52,0.51
spent coffee grounds,873,K2CO3-1,1,750,323,0.15,0.78,0.3,54.78,3.32,6.93,0.04,33.63,1.30,82.90,15.80,3.30,0.46,1.52,0.51
spent coffee grounds,973,K2CO3-1,1,1476,323,0.15,0.67,0.61,54.78,3.32,6.93,0.04,33.63,1.30,82.90,15.80,3.30,0.46,1.52,0.51
spent coffee grounds,1073,K2CO3-1,1,1692,323,0.15,0.47,1.15,54.78,3.32,6.93,0.04,33.63,1.30,82.90,15.80,3.30,0.46,1.52,0.51
spent coffee grounds,873,K2CO3-1,1,750,323,1,2.34,0.3,54.78,3.32,6.93,0.04,33.63,1.30,82.90,15.80,3.30,0.46,1.52,0.51
spent coffee grounds,973,K2CO3-1,1,1476,323,1,2.68,0.61,54.78,3.32,6.93,0.04,33.63,1.30,82.90,15.80,3.30,0.46,1.52,0.51
spent coffee grounds,1073,K2CO3-1,1,1692,323,1,2.1,1.15,54.78,3.32,6.93,0.04,33.63,1.30,82.90,15.80,3.30,0.46,1.52,0.51
garlic peel,873,KOH-2,2,947,273,1,6.25,0.51,37.01,1.04,4.22,0.81,46.58,10.34,68.54,21.12,1.45,0.94,1.37,0.97
garlic peel,973,KOH-2,2,1179,273,1,5.96,0.63,37.01,1.04,4.22,0.81,46.58,10.34,68.54,21.12,1.45,0.94,1.37,0.97
garlic peel,1073,KOH-2,2,1262,273,1,4.33,0.7,37.01,1.04,4.22,0.81,46.58,10.34,68.54,21.12,1.45,0.94,1.37,0.97
garlic peel,873,KOH-4,4,1116,273,1,4.6,0.63,37.01,1.04,4.22,0.81,46.58,10.34,68.54,21.12,1.45,0.94,1.37,0.97
garlic peel,873,KOH-2,2,947,298,1,4.22,0.51,37.01,1.04,4.22,0.81,46.58,10.34,68.54,21.12,1.45,0.94,1.37,0.97
garlic peel,973,KOH-2,2,1179,298,1,3.99,0.63,37.01,1.04,4.22,0.81,46.58,10.34,68.54,21.12,1.45,0.94,1.37,0.97
garlic peel,1073,KOH-2,2,1262,298,1,2.82,0.7,37.01,1.04,4.22,0.81,46.58,10.34,68.54,21.12,1.45,0.94,1.37,0.97
garlic peel,873,KOH-4,4,1116,298,1,2.84,0.63,37.01,1.04,4.22,0.81,46.58,10.34,68.54,21.12,1.45,0.94,1.37,0.97
garlic peel,873,KOH-2,2,947,273,0.2,2.7,0.51,37.01,1.04,4.22,0.81,46.58,10.34,68.54,21.12,1.45,0.94,1.37,0.97
garlic peel,973,KOH-2,2,1179,273,0.2,2.2,0.63,37.01,1.04,4.22,0.81,46.58,10.34,68.54,21.12,1.45,0.94,1.37,0.97
garlic peel,1073,KOH-2,2,1262,273,0.2,1.5,0.7,37.01,1.04,4.22,0.81,46.58,10.34,68.54,21.12,1.45,0.94,1.37,0.97
garlic peel,873,KOH-4,4,1116,273,0.2,1.6,0.63,37.01,1.04,4.22,0.81,46.58,10.34,68.54,21.12,1.45,0.94,1.37,0.97
garlic peel,873,KOH-2,2,947,298,0.2,1.7,0.51,37.01,1.04,4.22,0.81,46.58,10.34,68.54,21.12,1.45,0.94,1.37,0.97
garlic peel,973,KOH-2,2,1179,298,0.2,1.4,0.63,37.01,1.04,4.22,0.81,46.58,10.34,68.54,21.12,1.45,0.94,1.37,0.97
garlic peel,1073,KOH-2,2,1262,298,0.2,0.9,0.7,37.01,1.04,4.22,0.81,46.58,10.34,68.54,21.12,1.45,0.94,1.37,0.97
garlic peel,873,KOH-4,4,1116,298,0.2,1,0.63,37.01,1.04,4.22,0.81,46.58,10.34,68.54,21.12,1.45,0.94,1.37,0.97
pineapple,773,K2C2O4-2,2,422.8,273,1,2.71,0.82,47.39,1.08,6.13,0.00,40.31,5.09,73.97,20.94,2.43,0.64,1.55,0.66
pineapple,873,Li2C2O4-2,2,302.7,273,1,2.09,0.49,47.39,1.08,6.13,0.00,40.31,5.09,73.97,20.94,2.43,0.64,1.55,0.66
pineapple,873,K2C2O4-2,2,644.9,273,1,3.82,0.91,47.39,1.08,6.13,0.00,40.31,5.09,73.97,20.94,2.43,0.64,1.55,0.66
pineapple,973,Na2C2O4-2,2,397.3,273,1,2.2,0.26,47.39,1.08,6.13,0.00,40.31,5.09,73.97,20.94,2.43,0.64,1.55,0.66
pineapple,973,K2C2O4-2,2,1076.3,273,1,5.32,0.92,47.39,1.08,6.13,0.00,40.31,5.09,73.97,20.94,2.43,0.64,1.55,0.66
pineapple,773,K2C2O4-2,2,422.8,293,1,2.22,0.82,47.39,1.08,6.13,0.00,40.31,5.09,73.97,20.94,2.43,0.64,1.55,0.66
pineapple,873,Li2C2O4-2,2,302.7,293,1,1.59,0.49,47.39,1.08,6.13,0.00,40.31,5.09,73.97,20.94,2.43,0.64,1.55,0.66
pineapple,873,K2C2O4-2,2,644.9,293,1,3.16,0.91,47.39,1.08,6.13,0.00,40.31,5.09,73.97,20.94,2.43,0.64,1.55,0.66
pineapple,973,Na2C2O4-2,2,397.3,293,1,1.59,0.26,47.39,1.08,6.13,0.00,40.31,5.09,73.97,20.94,2.43,0.64,1.55,0.66
pineapple,973,K2C2O4-2,2,1076.3,293,1,4.25,0.92,47.39,1.08,6.13,0.00,40.31,5.09,73.97,20.94,2.43,0.64,1.55,0.66
pineapple,773,K2C2O4-2,2,422.8,273,0.2,1.6,0.82,47.39,1.08,6.13,0.00,40.31,5.09,73.97,20.94,2.43,0.64,1.55,0.66
pineapple,873,Li2C2O4-2,2,302.7,273,0.2,1.2,0.49,47.39,1.08,6.13,0.00,40.31,5.09,73.97,20.94,2.43,0.64,1.55,0.66
pineapple,873,K2C2O4-2,2,644.9,273,0.2,1.8,0.91,47.39,1.08,6.13,0.00,40.31,5.09,73.97,20.94,2.43,0.64,1.55,0.66
pineapple,973,Na2C2O4-2,2,397.3,273,0.2,1.1,0.26,47.39,1.08,6.13,0.00,40.31,5.09,73.97,20.94,2.43,0.64,1.55,0.66
pineapple,973,K2C2O4-2,2,1076.3,273,0.2,2.6,0.92,47.39,1.08,6.13,0.00,40.31,5.09,73.97,20.94,2.43,0.64,1.55,0.66
pineapple,773,K2C2O4-2,2,422.8,293,0.2,1.1,0.82,47.39,1.08,6.13,0.00,40.31,5.09,73.97,20.94,2.43,0.64,1.55,0.66
pineapple,873,Li2C2O4-2,2,302.7,293,0.2,0.8,0.49,47.39,1.08,6.13,0.00,40.31,5.09,73.97,20.94,2.43,0.64,1.55,0.66
pineapple,873,K2C2O4-2,2,644.9,293,0.2,1.4,0.91,47.39,1.08,6.13,0.00,40.31,5.09,73.97,20.94,2.43,0.64,1.55,0.66
pineapple,973,Na2C2O4-2,2,397.3,293,0.2,0.7,0.26,47.39,1.08,6.13,0.00,40.31,5.09,73.97,20.94,2.43,0.64,1.55,0.66
pineapple,973,K2C2O4-2,2,1076.3,293,0.2,1.5,0.92,47.39,1.08,6.13,0.00,40.31,5.09,73.97,20.94,2.43,0.64,1.55,0.66
pineapple,773,K2C2O4-2,2,422.8,273,0.6,1.6,0.82,47.39,1.08,6.13,0.00,40.31,5.09,73.97,20.94,2.43,0.64,1.55,0.66
pineapple,873,Li2C2O4-2,2,302.7,273,0.6,1.1,0.49,47.39,1.08,6.13,0.00,40.31,5.09,73.97,20.94,2.43,0.64,1.55,0.66
pineapple,873,K2C2O4-2,2,644.9,273,0.6,1.8,0.91,47.39,1.08,6.13,0.00,40.31,5.09,73.97,20.94,2.43,0.64,1.55,0.66
pineapple,973,Na2C2O4-2,2,397.3,273,0.6,1.1,0.26,47.39,1.08,6.13,0.00,40.31,5.09,73.97,20.94,2.43,0.64,1.55,0.66
pineapple,973,K2C2O4-2,2,1076.3,273,0.6,2.6,0.92,47.39,1.08,6.13,0.00,40.31,5.09,73.97,20.94,2.43,0.64,1.55,0.66
pineapple,773,K2C2O4-2,2,422.8,293,0.6,1,0.82,47.39,1.08,6.13,0.00,40.31,5.09,73.97,20.94,2.43,0.64,1.55,0.66
pineapple,873,Li2C2O4-2,2,302.7,293,0.6,0.8,0.49,47.39,1.08,6.13,0.00,40.31,5.09,73.97,20.94,2.43,0.64,1.55,0.66
pineapple,873,K2C2O4-2,2,644.9,293,0.6,1.4,0.91,47.39,1.08,6.13,0.00,40.31,5.09,73.97,20.94,2.43,0.64,1.55,0.66
pineapple,973,Na2C2O4-2,2,397.3,293,0.6,0.7,0.26,47.39,1.08,6.13,0.00,40.31,5.09,73.97,20.94,2.43,0.64,1.55,0.66
pineapple,973,K2C2O4-2,2,1076.3,293,0.6,1.5,0.92,47.39,1.08,6.13,0.00,40.31,5.09,73.97,20.94,2.43,0.64,1.55,0.66
coconut shell,873,KOH-1,1,718,273,1,4.63,0.28,45.28,0.20,4.05,0.00,50.04,0.43,80.84,18.73,1.29,0.83,1.07,0.83
coconut shell,873,KOH-2,2,1082,273,1,5.82,0.42,45.28,0.20,4.05,0.00,50.04,0.43,80.84,18.73,1.29,0.83,1.07,0.83
coconut shell,873,KOH-3,3,1172,273,1,6.04,0.44,45.28,0.20,4.05,0.00,50.04,0.43,80.84,18.73,1.29,0.83,1.07,0.83
coconut shell,923,KOH-1,1,885,273,1,5.01,0.35,45.28,0.20,4.05,0.00,50.04,0.43,80.84,18.73,1.29,0.83,1.07,0.83
coconut shell,923,KOH-2,2,1211,273,1,6.2,0.46,45.28,0.20,4.05,0.00,50.04,0.43,80.84,18.73,1.29,0.83,1.07,0.83
coconut shell,923,KOH-3,3,1513,273,1,4.95,0.58,45.28,0.20,4.05,0.00,50.04,0.43,80.84,18.73,1.29,0.83,1.07,0.83
coconut shell,973,KOH-1,1,878,273,1,4.98,0.33,45.28,0.20,4.05,0.00,50.04,0.43,80.84,18.73,1.29,0.83,1.07,0.83
coconut shell,973,KOH-2,2,1233,273,1,5.14,0.46,45.28,0.20,4.05,0.00,50.04,0.43,80.84,18.73,1.29,0.83,1.07,0.83
coconut shell,973,KOH-3,3,1817,273,1,5.89,0.69,45.28,0.20,4.05,0.00,50.04,0.43,80.84,18.73,1.29,0.83,1.07,0.83
coconut shell,873,KOH-1,1,718,293,1,3.56,0.28,45.28,0.20,4.05,0.00,50.04,0.43,80.84,18.73,1.29,0.83,1.07,0.83
coconut shell,873,KOH-2,2,1082,293,1,3.99,0.42,45.28,0.20,4.05,0.00,50.04,0.43,80.84,18.73,1.29,0.83,1.07,0.83
coconut shell,873,KOH-3,3,1172,293,1,4.23,0.44,45.28,0.20,4.05,0.00,50.04,0.43,80.84,18.73,1.29,0.83,1.07,0.83
coconut shell,923,KOH-1,1,885,293,1,3.83,0.35,45.28,0.20,4.05,0.00,50.04,0.43,80.84,18.73,1.29,0.83,1.07,0.83
coconut shell,923,KOH-2,2,1211,293,1,4.13,0.46,45.28,0.20,4.05,0.00,50.04,0.43,80.84,18.73,1.29,0.83,1.07,0.83
coconut shell,923,KOH-3,3,1513,293,1,3.69,0.58,45.28,0.20,4.05,0.00,50.04,0.43,80.84,18.73,1.29,0.83,1.07,0.83
coconut shell,973,KOH-1,1,878,293,1,3.83,0.33,45.28,0.20,4.05,0.00,50.04,0.43,80.84,18.73,1.29,0.83,1.07,0.83
coconut shell,973,KOH-2,2,1233,293,1,3.71,0.46,45.28,0.20,4.05,0.00,50.04,0.43,80.84,18.73,1.29,0.83,1.07,0.83
coconut shell,973,KOH-3,3,1817,293,1,3.97,0.69,45.28,0.20,4.05,0.00,50.04,0.43,80.84,18.73,1.29,0.83,1.07,0.83
paulownia sawdust,873,KOH-4,4,782,273,1,7.45,0.414,45.33,0.40,6.22,0.00,46.96,1.09,79.32,19.60,2.12,0.78,1.65,0.78
paulownia sawdust,973,KOH-4,4,1643,273,1,8,0.857,45.33,0.40,6.22,0.00,46.96,1.09,79.32,19.60,2.12,0.78,1.65,0.78
paulownia sawdust,1073,KOH-4,4,1555,273,1,7.14,0.905,45.33,0.40,6.22,0.00,46.96,1.09,79.32,19.60,2.12,0.78,1.65,0.78
paulownia sawdust,1173,KOH-4,4,1293,273,1,4.24,0.687,45.33,0.40,6.22,0.00,46.96,1.09,79.32,19.60,2.12,0.78,1.65,0.78
paulownia sawdust,973,KOH-2,2,831,273,1,6.83,0.449,45.33,0.40,6.22,0.00,46.96,1.09,79.32,19.60,2.12,0.78,1.65,0.78
paulownia sawdust,973,KOH-6,6,2435,273,1,4.73,1.181,45.33,0.40,6.22,0.00,46.96,1.09,79.32,19.60,2.12,0.78,1.65,0.78
paulownia sawdust,973,KOH-4,4,1643,273,0.15,1.1,0.857,45.33,0.40,6.22,0.00,46.96,1.09,79.32,19.60,2.12,0.78,1.65,0.78
paulownia sawdust,973,KOH-4,4,1643,273,0.4,4.6,0.857,45.33,0.40,6.22,0.00,46.96,1.09,79.32,19.60,2.12,0.78,1.65,0.78
paulownia sawdust,973,KOH-4,4,1643,273,0.6,6.1,0.857,45.33,0.40,6.22,0.00,46.96,1.09,79.32,19.60,2.12,0.78,1.65,0.78
paulownia sawdust,973,KOH-4,4,1643,273,0.8,7,0.857,45.33,0.40,6.22,0.00,46.96,1.09,79.32,19.60,2.12,0.78,1.65,0.78
paulownia sawdust,973,KOH-4,4,1643,273,0.9,7.5,0.857,45.33,0.40,6.22,0.00,46.96,1.09,79.32,19.60,2.12,0.78,1.65,0.78
paulownia sawdust,973,KOH-4,4,1643,298,0.15,0.4,0.857,45.33,0.40,6.22,0.00,46.96,1.09,79.32,19.60,2.12,0.78,1.65,0.78
paulownia sawdust,973,KOH-4,4,1643,298,0.4,2.2,0.857,45.33,0.40,6.22,0.00,46.96,1.09,79.32,19.60,2.12,0.78,1.65,0.78
paulownia sawdust,973,KOH-4,4,1643,298,0.6,3,0.857,45.33,0.40,6.22,0.00,46.96,1.09,79.32,19.60,2.12,0.78,1.65,0.78
paulownia sawdust,973,KOH-4,4,1643,298,0.8,4,0.857,45.33,0.40,6.22,0.00,46.96,1.09,79.32,19.60,2.12,0.78,1.65,0.78
paulownia sawdust,973,KOH-4,4,1643,298,0.9,4.3,0.857,45.33,0.40,6.22,0.00,46.96,1.09,79.32,19.60,2.12,0.78,1.65,0.78
paulownia sawdust,973,KOH-4,4,1643,298,1,4.5,0.857,45.33,0.40,6.22,0.00,46.96,1.09,79.32,19.60,2.12,0.78,1.65,0.78
walnut shells,773,CO2,0,810.85,293,0.15,0.14,0.34,53.50,1.50,6.60,0.10,35.50,2.80,59.30,37.90,2.97,0.50,1.48,0.52
walnut shells,773,CO2,0,810.85,293,0.4,0.41,0.34,53.50,1.50,6.60,0.10,35.50,2.80,59.30,37.90,2.97,0.50,1.48,0.52
walnut shells,773,CO2,0,810.85,293,0.5,0.58,0.34,53.50,1.50,6.60,0.10,35.50,2.80,59.30,37.90,2.97,0.50,1.48,0.52
walnut shells,773,CO2,0,810.85,293,0.65,0.62,0.34,53.50,1.50,6.60,0.10,35.50,2.80,59.30,37.90,2.97,0.50,1.48,0.52
walnut shells,773,CO2,0,810.85,293,0.8,0.84,0.34,53.50,1.50,6.60,0.10,35.50,2.80,59.30,37.90,2.97,0.50,1.48,0.52
walnut shells,773,CO2,0,810.85,293,1,1.2,0.34,53.50,1.50,6.60,0.10,35.50,2.80,59.30,37.90,2.97,0.50,1.48,0.52
walnut shells,773,CO2,0,810.85,293,1.2,1.38,0.34,53.50,1.50,6.60,0.10,35.50,2.80,59.30,37.90,2.97,0.50,1.48,0.52
walnut shells,773,CO2,0,810.85,293,1.3,1.47,0.34,53.50,1.50,6.60,0.10,35.50,2.80,59.30,37.90,2.97,0.50,1.48,0.52
walnut shells,773,CO2,0,810.85,303,0.15,0.12,0.34,53.50,1.50,6.60,0.10,35.50,2.80,59.30,37.90,2.97,0.50,1.48,0.52
walnut shells,773,CO2,0,810.85,303,0.4,0.37,0.34,53.50,1.50,6.60,0.10,35.50,2.80,59.30,37.90,2.97,0.50,1.48,0.52
walnut shells,773,CO2,0,810.85,303,0.5,0.43,0.34,53.50,1.50,6.60,0.10,35.50,2.80,59.30,37.90,2.97,0.50,1.48,0.52
walnut shells,773,CO2,0,810.85,303,0.65,0.59,0.34,53.50,1.50,6.60,0.10,35.50,2.80,59.30,37.90,2.97,0.50,1.48,0.52
walnut shells,773,CO2,0,810.85,303,0.8,0.77,0.34,53.50,1.50,6.60,0.10,35.50,2.80,59.30,37.90,2.97,0.50,1.48,0.52
walnut shells,773,CO2,0,810.85,303,1,1,0.34,53.50,1.50,6.60,0.10,35.50,2.80,59.30,37.90,2.97,0.50,1.48,0.52
walnut shells,773,CO2,0,810.85,303,1.2,1.19,0.34,53.50,1.50,6.60,0.10,35.50,2.80,59.30,37.90,2.97,0.50,1.48,0.52
walnut shells,773,CO2,0,810.85,303,1.3,1.22,0.34,53.50,1.50,6.60,0.10,35.50,2.80,59.30,37.90,2.97,0.50,1.48,0.52
walnut shells,773,CO2,0,810.85,313,0.15,0.09,0.34,53.50,1.50,6.60,0.10,35.50,2.80,59.30,37.90,2.97,0.50,1.48,0.52
walnut shells,773,CO2,0,810.85,313,0.4,0.27,0.34,53.50,1.50,6.60,0.10,35.50,2.80,59.30,37.90,2.97,0.50,1.48,0.52
walnut shells,773,CO2,0,810.85,313,0.5,0.37,0.34,53.50,1.50,6.60,0.10,35.50,2.80,59.30,37.90,2.97,0.50,1.48,0.52
walnut shells,773,CO2,0,810.85,313,0.65,0.46,0.34,53.50,1.50,6.60,0.10,35.50,2.80,59.30,37.90,2.97,0.50,1.48,0.52
walnut shells,773,CO2,0,810.85,313,0.8,0.56,0.34,53.50,1.50,6.60,0.10,35.50,2.80,59.30,37.90,2.97,0.50,1.48,0.52
walnut shells,773,CO2,0,810.85,313,1,0.77,0.34,53.50,1.50,6.60,0.10,35.50,2.80,59.30,37.90,2.97,0.50,1.48,0.52
walnut shells,773,CO2,0,810.85,313,1.2,0.75,0.34,53.50,1.50,6.60,0.10,35.50,2.80,59.30,37.90,2.97,0.50,1.48,0.52
walnut shells,773,CO2,0,810.85,313,1.3,0.95,0.34,53.50,1.50,6.60,0.10,35.50,2.80,59.30,37.90,2.97,0.50,1.48,0.52
walnut shells,773,CO2,0,810.85,323,0.15,0.07,0.34,53.50,1.50,6.60,0.10,35.50,2.80,59.30,37.90,2.97,0.50,1.48,0.52
walnut shells,773,CO2,0,810.85,323,0.4,0.22,0.34,53.50,1.50,6.60,0.10,35.50,2.80,59.30,37.90,2.97,0.50,1.48,0.52
walnut shells,773,CO2,0,810.85,323,0.5,0.3,0.34,53.50,1.50,6.60,0.10,35.50,2.80,59.30,37.90,2.97,0.50,1.48,0.52
walnut shells,773,CO2,0,810.85,323,0.65,0.32,0.34,53.50,1.50,6.60,0.10,35.50,2.80,59.30,37.90,2.97,0.50,1.48,0.52
walnut shells,773,CO2,0,810.85,323,0.8,0.44,0.34,53.50,1.50,6.60,0.10,35.50,2.80,59.30,37.90,2.97,0.50,1.48,0.52
walnut shells,773,CO2,0,810.85,323,1,0.64,0.34,53.50,1.50,6.60,0.10,35.50,2.80,59.30,37.90,2.97,0.50,1.48,0.52
walnut shells,773,CO2,0,810.85,323,1.2,0.76,0.34,53.50,1.50,6.60,0.10,35.50,2.80,59.30,37.90,2.97,0.50,1.48,0.52
walnut shells,773,CO2,0,810.85,323,1.3,0.79,0.34,53.50,1.50,6.60,0.10,35.50,2.80,59.30,37.90,2.97,0.50,1.48,0.52
peanut shells,973,KOH-1,1,956,273,1,5.1,0.43,72.77,0.91,3.06,0.09,12.76,10.40,14.82,74.77,3.84,0.13,0.51,0.14
peanut shells,973,KOH-1,1,956,273,0.9,4.9,0.43,72.77,0.91,3.06,0.09,12.76,10.40,14.82,74.77,3.84,0.13,0.51,0.14
peanut shells,973,KOH-1,1,956,273,0.8,4.7,0.43,72.77,0.91,3.06,0.09,12.76,10.40,14.82,74.77,3.84,0.13,0.51,0.14
peanut shells,973,KOH-1,1,956,273,0.6,4.2,0.43,72.77,0.91,3.06,0.09,12.76,10.40,14.82,74.77,3.84,0.13,0.51,0.14
peanut shells,973,KOH-1,1,956,273,0.4,3.8,0.43,72.77,0.91,3.06,0.09,12.76,10.40,14.82,74.77,3.84,0.13,0.51,0.14
peanut shells,973,KOH-1,1,956,273,0.2,2.8,0.43,72.77,0.91,3.06,0.09,12.76,10.40,14.82,74.77,3.84,0.13,0.51,0.14
peanut shells,973,KOH-1,1,956,298,1,4,0.43,72.77,0.91,3.06,0.09,12.76,10.40,14.82,74.77,3.84,0.13,0.51,0.14
peanut shells,973,KOH-1,1,956,298,0.9,3.8,0.43,72.77,0.91,3.06,0.09,12.76,10.40,14.82,74.77,3.84,0.13,0.51,0.14
peanut shells,973,KOH-1,1,956,298,0.8,3.6,0.43,72.77,0.91,3.06,0.09,12.76,10.40,14.82,74.77,3.84,0.13,0.51,0.14
peanut shells,973,KOH-1,1,956,298,0.6,3.1,0.43,72.77,0.91,3.06,0.09,12.76,10.40,14.82,74.77,3.84,0.13,0.51,0.14
peanut shells,973,KOH-1,1,956,298,0.5,2.8,0.43,72.77,0.91,3.06,0.09,12.76,10.40,14.82,74.77,3.84,0.13,0.51,0.14
peanut shells,973,KOH-1,1,956,273,0.4,2.6,0.43,72.77,0.91,3.06,0.09,12.76,10.40,14.82,74.77,3.84,0.13,0.51,0.14
peanut shells,973,KOH-1,1,956,298,0.2,1.8,0.43,72.77,0.91,3.06,0.09,12.76,10.40,14.82,74.77,3.84,0.13,0.51,0.14
peanut shells,973,KOH-1,1,956,298,0.15,1.54,0.43,72.77,0.91,3.06,0.09,12.76,10.40,14.82,74.77,3.84,0.13,0.51,0.14
sunflower seed shells,973,KOH-1.25,1.25,1790,273,1,7,0.77,47.40,1.40,5.80,0.05,41.35,4.00,76.20,19.80,2.24,0.65,1.47,0.68
sunflower seed shells,973,KOH-1.25,1.25,1790,273,0.9,6.6,0.77,47.40,1.40,5.80,0.05,41.35,4.00,76.20,19.80,2.24,0.65,1.47,0.68
sunflower seed shells,973,KOH-1.25,1.25,1790,273,0.8,6.2,0.77,47.40,1.40,5.80,0.05,41.35,4.00,76.20,19.80,2.24,0.65,1.47,0.68
sunflower seed shells,973,KOH-1.25,1.25,1790,273,0.6,5.5,0.77,47.40,1.40,5.80,0.05,41.35,4.00,76.20,19.80,2.24,0.65,1.47,0.68
sunflower seed shells,973,KOH-1.25,1.25,1790,273,0.4,4.5,0.77,47.40,1.40,5.80,0.05,41.35,4.00,76.20,19.80,2.24,0.65,1.47,0.68
sunflower seed shells,973,KOH-1.25,1.25,1790,273,0.2,3.2,0.77,47.40,1.40,5.80,0.05,41.35,4.00,76.20,19.80,2.24,0.65,1.47,0.68
sunflower seed shells,973,KOH-1.25,1.25,1790,298,1,4.5,0.77,47.40,1.40,5.80,0.05,41.35,4.00,76.20,19.80,2.24,0.65,1.47,0.68
sunflower seed shells,973,KOH-1.25,1.25,1790,298,0.9,4.2,0.77,47.40,1.40,5.80,0.05,41.35,4.00,76.20,19.80,2.24,0.65,1.47,0.68
sunflower seed shells,973,KOH-1.25,1.25,1790,298,0.8,4,0.77,47.40,1.40,5.80,0.05,41.35,4.00,76.20,19.80,2.24,0.65,1.47,0.68
sunflower seed shells,973,KOH-1.25,1.25,1790,298,0.6,3.4,0.77,47.40,1.40,5.80,0.05,41.35,4.00,76.20,19.80,2.24,0.65,1.47,0.68
sunflower seed shells,973,KOH-1.25,1.25,1790,273,0.5,3.1,0.77,47.40,1.40,5.80,0.05,41.35,4.00,76.20,19.80,2.24,0.65,1.47,0.68
sunflower seed shells,973,KOH-1.25,1.25,1790,298,0.4,2.7,0.77,47.40,1.40,5.80,0.05,41.35,4.00,76.20,19.80,2.24,0.65,1.47,0.68
sunflower seed shells,973,KOH-1.25,1.25,1790,298,0.2,1.7,0.77,47.40,1.40,5.80,0.05,41.35,4.00,76.20,19.80,2.24,0.65,1.47,0.68
sunflower seed shells,973,KOH-1.25,1.25,1790,298,0.15,1.46,0.77,47.40,1.40,5.80,0.05,41.35,4.00,76.20,19.80,2.24,0.65,1.47,0.68
acai stones,1123,KOH-1,1,1356,298,1,4.5,0.6,43.25,1.29,5.97,0.10,47.54,1.84,72.42,25.73,2.01,0.82,1.66,0.85
acai stones,1123,KOH-1,1,1356,298,0.15,1.4,0.6,43.25,1.29,5.97,0.10,47.54,1.84,72.42,25.73,2.01,0.82,1.66,0.85
acai stones,1123,KOH-1,1,1356,298,0.6,3.5,0.6,43.25,1.29,5.97,0.10,47.54,1.84,72.42,25.73,2.01,0.82,1.66,0.85
acai stones,1123,KOH-3,3,2612,298,1,4.8,1.2,43.25,1.29,5.97,0.10,47.54,1.84,72.42,25.73,2.01,0.82,1.66,0.85
acai stones,1123,KOH-3,3,2612,298,0.15,1,1.2,43.25,1.29,5.97,0.10,47.54,1.84,72.42,25.73,2.01,0.82,1.66,0.85
acai stones,1123,KOH-3,3,2612,298,0.6,3,1.2,43.25,1.29,5.97,0.10,47.54,1.84,72.42,25.73,2.01,0.82,1.66,0.85
acai stones,1123,KOH-5,5,3244,298,1,3.1,1.6,43.25,1.29,5.97,0.10,47.54,1.84,72.42,25.73,2.01,0.82,1.66,0.85
acai stones,1123,KOH-5,5,3244,298,0.15,0.6,1.6,43.25,1.29,5.97,0.10,47.54,1.84,72.42,25.73,2.01,0.82,1.66,0.85
acai stones,1123,KOH-5,5,3244,298,0.6,1.8,1.6,43.25,1.29,5.97,0.10,47.54,1.84,72.42,25.73,2.01,0.82,1.66,0.85
acai stones,1123,KOH-1,1,1356,273,1,5.8,0.6,43.25,1.29,5.97,0.10,47.54,1.84,72.42,25.73,2.01,0.82,1.66,0.85
acai stones,1123,KOH-1,1,1356,273,0.15,2.3,0.6,43.25,1.29,5.97,0.10,47.54,1.84,72.42,25.73,2.01,0.82,1.66,0.85
acai stones,1123,KOH-1,1,1356,273,0.6,4.7,0.6,43.25,1.29,5.97,0.10,47.54,1.84,72.42,25.73,2.01,0.82,1.66,0.85
acai stones,1123,KOH-3,3,2612,273,1,6.4,1.2,43.25,1.29,5.97,0.10,47.54,1.84,72.42,25.73,2.01,0.82,1.66,0.85
acai stones,1123,KOH-3,3,2612,273,0.15,1.4,1.2,43.25,1.29,5.97,0.10,47.54,1.84,72.42,25.73,2.01,0.82,1.66,0.85
acai stones,1123,KOH-3,3,2612,273,0.6,4.3,1.2,43.25,1.29,5.97,0.10,47.54,1.84,72.42,25.73,2.01,0.82,1.66,0.85
acai stones,1123,KOH-5,5,3244,273,1,5.5,1.6,43.25,1.29,5.97,0.10,47.54,1.84,72.42,25.73,2.01,0.82,1.66,0.85
acai stones,1123,KOH-5,5,3244,273,0.15,1,1.6,43.25,1.29,5.97,0.10,47.54,1.84,72.42,25.73,2.01,0.82,1.66,0.85
acai stones,1123,KOH-5,5,3244,273,0.6,3.5,1.6,43.25,1.29,5.97,0.10,47.54,1.84,72.42,25.73,2.01,0.82,1.66,0.85
acai stones,1123,CO2,0,1150,298,1,3.3,0.58,43.25,1.29,5.97,0.10,47.54,1.84,72.42,25.73,2.01,0.82,1.66,0.85
acai stones,1123,CO2,0,1150,298,0.15,1,0.58,43.25,1.29,5.97,0.10,47.54,1.84,72.42,25.73,2.01,0.82,1.66,0.85
acai stones,1123,CO2,0,1150,298,0.6,2.5,0.58,43.25,1.29,5.97,0.10,47.54,1.84,72.42,25.73,2.01,0.82,1.66,0.85
sugarcane bagasse,1123,CO2,0,622,298,1,2.5,0.38,44.80,0.40,5.40,0.01,38.09,11.30,73.70,15.00,2.27,0.64,1.45,0.65
sugarcane bagasse,1123,CO2,0,622,298,0.8,2.4,0.38,44.80,0.40,5.40,0.01,38.09,11.30,73.70,15.00,2.27,0.64,1.45,0.65
sugarcane bagasse,1123,CO2,0,622,298,0.6,2.2,0.38,44.80,0.40,5.40,0.01,38.09,11.30,73.70,15.00,2.27,0.64,1.45,0.65
sugarcane bagasse,1123,CO2,0,622,298,0.4,1.9,0.38,44.80,0.40,5.40,0.01,38.09,11.30,73.70,15.00,2.27,0.64,1.45,0.65
sugarcane bagasse,1123,CO2,0,622,298,0.2,1.4,0.38,44.80,0.40,5.40,0.01,38.09,11.30,73.70,15.00,2.27,0.64,1.45,0.65
sugarcane bagasse,1123,CO2,0,622,298,0.1,1.1,0.38,44.80,0.40,5.40,0.01,38.09,11.30,73.70,15.00,2.27,0.64,1.45,0.65
tea seed shell,973,KOH-4,4,1442.19,298,1,3.15,0.47,47.66,0.46,5.95,0.39,43.17,2.37,75.56,22.07,2.22,0.68,1.50,0.68
tea seed shell,973,KOH-4,4,1442.19,298,0.8,2.8,0.47,47.66,0.46,5.95,0.39,43.17,2.37,75.56,22.07,2.22,0.68,1.50,0.68
tea seed shell,973,KOH-4,4,1442.19,298,0.6,2.3,0.47,47.66,0.46,5.95,0.39,43.17,2.37,75.56,22.07,2.22,0.68,1.50,0.68
tea seed shell,973,KOH-4,4,1442.19,298,0.4,1.4,0.47,47.66,0.46,5.95,0.39,43.17,2.37,75.56,22.07,2.22,0.68,1.50,0.68
tea seed shell,973,KOH-4,4,1442.19,298,0.2,1.1,0.47,47.66,0.46,5.95,0.39,43.17,2.37,75.56,22.07,2.22,0.68,1.50,0.68
tea seed shell,973,KOH-4,4,1442.19,298,0.1,0.8,0.47,47.66,0.46,5.95,0.39,43.17,2.37,75.56,22.07,2.22,0.68,1.50,0.68
spent coffee grounds,873,KOH-1,1,831,298,1,2.8,0.41,56.40,2.60,7.00,0.00,32.70,1.30,82.90,15.80,3.43,0.43,1.49,0.47
spent coffee grounds,873,KOH-2,2,876,298,1,3,0.4,56.40,2.60,7.00,0.00,32.70,1.30,82.90,15.80,3.43,0.43,1.49,0.47
spent coffee grounds,873,KOH-3,3,840,298,1,3,0.37,56.40,2.60,7.00,0.00,32.70,1.30,82.90,15.80,3.43,0.43,1.49,0.47
spent coffee grounds,873,KOH-4,4,925,298,1,2.9,0.42,56.40,2.60,7.00,0.00,32.70,1.30,82.90,15.80,3.43,0.43,1.49,0.47
spent coffee grounds,973,KOH-3,3,1082,298,1,2.7,0.51,56.40,2.60,7.00,0.00,32.70,1.30,82.90,15.80,3.43,0.43,1.49,0.47
spent coffee grounds,873,KOH-1,1,831,273,1,4.9,0.41,56.40,2.60,7.00,0.00,32.70,1.30,82.90,15.80,3.43,0.43,1.49,0.47
spent coffee grounds,873,KOH-2,2,876,273,1,4.4,0.4,56.40,2.60,7.00,0.00,32.70,1.30,82.90,15.80,3.43,0.43,1.49,0.47
spent coffee grounds,873,KOH-3,3,840,273,1,4.7,0.37,56.40,2.60,7.00,0.00,32.70,1.30,82.90,15.80,3.43,0.43,1.49,0.47
spent coffee grounds,873,KOH-4,4,925,273,1,4.5,0.42,56.40,2.60,7.00,0.00,32.70,1.30,82.90,15.80,3.43,0.43,1.49,0.47
spent coffee grounds,973,KOH-3,3,1082,273,1,3.2,0.51,56.40,2.60,7.00,0.00,32.70,1.30,82.90,15.80,3.43,0.43,1.49,0.47
spent coffee grounds,873,KOH-3,3,840,323,1,1.8,0.37,56.40,2.60,7.00,0.00,32.70,1.30,82.90,15.80,3.43,0.43,1.49,0.47
spent coffee grounds,973,CO2,0,590,298,1,2.4,0.28,56.40,2.60,7.00,0.00,32.70,1.30,82.90,15.80,3.43,0.43,1.49,0.47
spent coffee grounds,973,CO2,0,590,273,1,3.6,0.28,56.40,2.60,7.00,0.00,32.70,1.30,82.90,15.80,3.43,0.43,1.49,0.47
spent coffee grounds,973,CO2,0,590,323,1,1.3,0.28,56.40,2.60,7.00,0.00,32.70,1.30,82.90,15.80,3.43,0.43,1.49,0.47
olive stones,1123,KOH-7,7,1345,273,1,5.6,0.574,51.19,0.20,5.95,0.50,41.37,0.80,85.40,13.80,2.30,0.61,1.40,0.61
olive stones,1173,K2CO3-1,1,1134,273,1,3.8,0.364,51.19,0.20,5.95,0.50,41.37,0.80,85.40,13.80,2.30,0.61,1.40,0.61
spent coffee grounds,1073,CO2,0,801,273,1,4.3,0.34,56.40,2.60,7.00,0.00,32.70,1.30,82.90,15.80,3.43,0.43,1.49,0.47
spent coffee grounds,1073,CO2,0,801,273,0.6,3.6,0.34,56.40,2.60,7.00,0.00,32.70,1.30,82.90,15.80,3.43,0.43,1.49,0.47
spent coffee grounds,1073,CO2,0,801,273,0.2,2.3,0.34,56.40,2.60,7.00,0.00,32.70,1.30,82.90,15.80,3.43,0.43,1.49,0.47
spent coffee grounds,1073,CO2,0,801,273,0.1,1.6,0.34,56.40,2.60,7.00,0.00,32.70,1.30,82.90,15.80,3.43,0.43,1.49,0.47
spent coffee grounds,1073,CO2,0,801,323,0.1,0.68,0.34,56.40,2.60,7.00,0.00,32.70,1.30,82.90,15.80,3.43,0.43,1.49,0.47
olive stones,1073,CO2,0,1248,298,0.15,0.99,0.53,51.19,0.20,5.95,0.50,41.37,0.80,85.40,13.80,2.30,0.61,1.40,0.61
spent coffee grounds,973,CO2,0,534,298,0.15,1.11,0.27,56.40,2.60,7.00,0.00,32.70,1.30,82.90,15.80,3.43,0.43,1.49,0.47
almond shells,1023,CO2,0,847,298,0.15,0.98,0.36,50.73,0.30,6.02,0.59,41.06,1.30,82.30,16.40,2.35,0.61,1.42,0.61
grape seeds,1073,CO2,0,362,298,1,2.68,0.14,51.43,2.10,6.30,0.10,35.49,4.59,69.48,25.93,2.84,0.52,1.47,0.55
grape bagasse,1073,CO2,0,473,298,1,2.23,0.2,44.26,1.59,5.94,0.00,43.21,5.01,72.94,22.05,2.20,0.73,1.61,0.76
grape seeds,1073,KOH-2,2,2029,298,1,3.59,0.85,51.43,2.10,6.30,0.10,35.49,4.59,69.48,25.93,2.84,0.52,1.47,0.55
grape bagasse,1073,KOH-2,2,1737,298,1,3.50,0.75,44.26,1.59,5.94,0.00,43.21,5.01,72.94,22.05,2.20,0.73,1.61,0.76
grape stalks,1073,KOH-2,2,1731,298,1,2.43,0.73,37.96,1.08,4.49,0.15,47.62,8.70,67.88,23.42,1.51,0.94,1.42,0.97
